date,open,high,low,close,volume,currency
2017-09-05,0.0,0.0,0.0,0.0,0.0,USD Coin
2017-09-06,0.0,0.0,0.0,0.0,0.0,USD Coin
2017-09-07,0.0,0.0,0.0,0.0,0.0,USD Coin
2017-09-08,0.0,0.0,0.0,0.0,0.0,USD Coin
2017-09-09,0.0,0.0,0.0,0.0,0.0,USD Coin
2017-09-10,0.0,0.0,0.0,0.0,0.0,USD Coin
2017-09-11,0.0,0.0,0.0,0.0,0.0,USD Coin
2017-09-12,0.0,0.0,0.0,0.0,0.0,USD Coin
2017-09-13,0.0,0.0,0.0,0.0,0.0,USD Coin
2017-09-14,0.0,0.0,0.0,0.0,0.0,USD Coin
2017-09-15,0.0,0.0,0.0,0.0,0.0,USD Coin
2017-09-16,0.0,0.0,0.0,0.0,0.0,USD Coin
2017-09-17,0.0,0.0,0.0,0.0,0.0,USD Coin
2017-09-18,0.0,0.0,0.0,0.0,0.0,USD Coin
2017-09-19,0.0,0.0,0.0,0.0,0.0,USD Coin
2017-09-20,0.0,0.0,0.0,0.0,0.0,USD Coin
2017-09-21,0.0,0.0,0.0,0.0,0.0,USD Coin
2017-09-22,0.0,0.0,0.0,0.0,0.0,USD Coin
2017-09-23,0.0,0.0,0.0,0.0,0.0,USD Coin
2017-09-24,0.0,0.0,0.0,0.0,0.0,USD Coin
2017-09-25,0.0,0.0,0.0,0.0,0.0,USD Coin
2017-09-26,0.0,0.0,0.0,0.0,0.0,USD Coin
2017-09-27,0.0,0.0,0.0,0.0,0.0,USD Coin
2017-09-28,0.0,0.0,0.0,0.0,0.0,USD Coin
2017-09-29,0.0,0.0,0.0,0.0,0.0,USD Coin
2017-09-30,0.0,0.0,0.0,0.0,0.0,USD Coin
2017-10-01,0.0,0.0,0.0,0.0,0.0,USD Coin
2017-10-02,0.0,0.0,0.0,0.0,0.0,USD Coin
2017-10-03,0.0,0.0,0.0,0.0,0.0,USD Coin
2017-10-04,0.0,0.0,0.0,0.0,0.0,USD Coin
2017-10-05,0.0,0.0,0.0,0.0,0.0,USD Coin
2017-10-06,0.0,0.0,0.0,0.0,0.0,USD Coin
2017-10-07,0.0,0.0,0.0,0.0,0.0,USD Coin
2017-10-08,0.0,0.0,0.0,0.0,0.0,USD Coin
2017-10-09,0.0,0.0,0.0,0.0,0.0,USD Coin
2017-10-10,0.0,0.0,0.0,0.0,0.0,USD Coin
2017-10-11,0.0,0.0,0.0,0.0,0.0,USD Coin
2017-10-12,0.0,0.0,0.0,0.0,0.0,USD Coin
2017-10-13,0.0,0.0,0.0,0.0,0.0,USD Coin
2017-10-14,0.0,0.0,0.0,0.0,0.0,USD Coin
2017-10-15,0.0,0.0,0.0,0.0,0.0,USD Coin
2017-10-16,0.0,0.0,0.0,0.0,0.0,USD Coin
2017-10-17,0.0,0.0,0.0,0.0,0.0,USD Coin
2017-10-18,0.0,0.0,0.0,0.0,0.0,USD Coin
2017-10-19,0.0,0.0,0.0,0.0,0.0,USD Coin
2017-10-20,0.0,0.0,0.0,0.0,0.0,USD Coin
2017-10-21,0.0,0.0,0.0,0.0,0.0,USD Coin
2017-10-22,0.0,0.0,0.0,0.0,0.0,USD Coin
2017-10-23,0.0,0.0,0.0,0.0,0.0,USD Coin
2017-10-24,0.0,0.0,0.0,0.0,0.0,USD Coin
2017-10-25,0.0,0.0,0.0,0.0,0.0,USD Coin
2017-10-26,0.0,0.0,0.0,0.0,0.0,USD Coin
2017-10-27,0.0,0.0,0.0,0.0,0.0,USD Coin
2017-10-28,0.0,0.0,0.0,0.0,0.0,USD Coin
2017-10-29,0.0,0.0,0.0,0.0,0.0,USD Coin
2017-10-30,0.0,0.0,0.0,0.0,0.0,USD Coin
2017-10-31,0.0,0.0,0.0,0.0,0.0,USD Coin
2017-11-01,0.0,0.0,0.0,0.0,0.0,USD Coin
2017-11-02,0.0,0.0,0.0,0.0,0.0,USD Coin
2017-11-03,0.0,0.0,0.0,0.0,0.0,USD Coin
2017-11-04,0.0,0.0,0.0,0.0,0.0,USD Coin
2017-11-05,0.0,0.0,0.0,0.0,0.0,USD Coin
2017-11-06,0.0,0.0,0.0,0.0,0.0,USD Coin
2017-11-07,0.0,0.0,0.0,0.0,0.0,USD Coin
2017-11-08,0.0,0.0,0.0,0.0,0.0,USD Coin
2017-11-09,0.0,0.0,0.0,0.0,0.0,USD Coin
2017-11-10,0.0,0.0,0.0,0.0,0.0,USD Coin
2017-11-11,0.0,0.0,0.0,0.0,0.0,USD Coin
2017-11-12,0.0,0.0,0.0,0.0,0.0,USD Coin
2017-11-13,0.0,0.0,0.0,0.0,0.0,USD Coin
2017-11-14,0.0,0.0,0.0,0.0,0.0,USD Coin
2017-11-15,0.0,0.0,0.0,0.0,0.0,USD Coin
2017-11-16,0.0,0.0,0.0,0.0,0.0,USD Coin
2017-11-17,0.0,0.0,0.0,0.0,0.0,USD Coin
2017-11-18,0.0,0.0,0.0,0.0,0.0,USD Coin
2017-11-19,0.0,0.0,0.0,0.0,0.0,USD Coin
2017-11-20,0.0,0.0,0.0,0.0,0.0,USD Coin
2017-11-21,0.0,0.0,0.0,0.0,0.0,USD Coin
2017-11-22,0.0,0.0,0.0,0.0,0.0,USD Coin
2017-11-23,0.0,0.0,0.0,0.0,0.0,USD Coin
2017-11-24,0.0,0.0,0.0,0.0,0.0,USD Coin
2017-11-25,0.0,0.0,0.0,0.0,0.0,USD Coin
2017-11-26,0.0,0.0,0.0,0.0,0.0,USD Coin
2017-11-27,0.0,0.0,0.0,0.0,0.0,USD Coin
2017-11-28,0.0,0.0,0.0,0.0,0.0,USD Coin
2017-11-29,0.0,0.0,0.0,0.0,0.0,USD Coin
2017-11-30,0.0,0.0,0.0,0.0,0.0,USD Coin
2017-12-01,0.0,0.0,0.0,0.0,0.0,USD Coin
2017-12-02,0.0,0.0,0.0,0.0,0.0,USD Coin
2017-12-03,0.0,0.0,0.0,0.0,0.0,USD Coin
2017-12-04,0.0,0.0,0.0,0.0,0.0,USD Coin
2017-12-05,0.0,0.0,0.0,0.0,0.0,USD Coin
2017-12-06,0.0,0.0,0.0,0.0,0.0,USD Coin
2017-12-07,0.0,0.0,0.0,0.0,0.0,USD Coin
2017-12-08,0.0,0.0,0.0,0.0,0.0,USD Coin
2017-12-09,0.0,0.0,0.0,0.0,0.0,USD Coin
2017-12-10,0.0,0.0,0.0,0.0,0.0,USD Coin
2017-12-11,0.0,0.0,0.0,0.0,0.0,USD Coin
2017-12-12,0.0,0.0,0.0,0.0,0.0,USD Coin
2017-12-13,0.0,0.0,0.0,0.0,0.0,USD Coin
2017-12-14,0.0,0.0,0.0,0.0,0.0,USD Coin
2017-12-15,0.0,0.0,0.0,0.0,0.0,USD Coin
2017-12-16,0.0,0.0,0.0,0.0,0.0,USD Coin
2017-12-17,0.0,0.0,0.0,0.0,0.0,USD Coin
2017-12-18,0.0,0.0,0.0,0.0,0.0,USD Coin
2017-12-19,0.0,0.0,0.0,0.0,0.0,USD Coin
2017-12-20,0.0,0.0,0.0,0.0,0.0,USD Coin
2017-12-21,0.0,0.0,0.0,0.0,0.0,USD Coin
2017-12-22,0.0,0.0,0.0,0.0,0.0,USD Coin
2017-12-23,0.0,0.0,0.0,0.0,0.0,USD Coin
2017-12-24,0.0,0.0,0.0,0.0,0.0,USD Coin
2017-12-25,0.0,0.0,0.0,0.0,0.0,USD Coin
2017-12-26,0.0,0.0,0.0,0.0,0.0,USD Coin
2017-12-27,0.0,0.0,0.0,0.0,0.0,USD Coin
2017-12-28,0.0,0.0,0.0,0.0,0.0,USD Coin
2017-12-29,0.0,0.0,0.0,0.0,0.0,USD Coin
2017-12-30,0.0,0.0,0.0,0.0,0.0,USD Coin
2017-12-31,0.0,0.0,0.0,0.0,0.0,USD Coin
2018-01-01,0.0,0.0,0.0,0.0,0.0,USD Coin
2018-01-02,0.0,0.0,0.0,0.0,0.0,USD Coin
2018-01-03,0.0,0.0,0.0,0.0,0.0,USD Coin
2018-01-04,0.0,0.0,0.0,0.0,0.0,USD Coin
2018-01-05,0.0,0.0,0.0,0.0,0.0,USD Coin
2018-01-06,0.0,0.0,0.0,0.0,0.0,USD Coin
2018-01-07,0.0,0.0,0.0,0.0,0.0,USD Coin
2018-01-08,0.0,0.0,0.0,0.0,0.0,USD Coin
2018-01-09,0.0,0.0,0.0,0.0,0.0,USD Coin
2018-01-10,0.0,0.0,0.0,0.0,0.0,USD Coin
2018-01-11,0.0,0.0,0.0,0.0,0.0,USD Coin
2018-01-12,0.0,0.0,0.0,0.0,0.0,USD Coin
2018-01-13,0.0,0.0,0.0,0.0,0.0,USD Coin
2018-01-14,0.0,0.0,0.0,0.0,0.0,USD Coin
2018-01-15,0.0,0.0,0.0,0.0,0.0,USD Coin
2018-01-16,0.0,0.0,0.0,0.0,0.0,USD Coin
2018-01-17,0.0,0.0,0.0,0.0,0.0,USD Coin
2018-01-18,0.0,0.0,0.0,0.0,0.0,USD Coin
2018-01-19,0.0,0.0,0.0,0.0,0.0,USD Coin
2018-01-20,0.0,0.0,0.0,0.0,0.0,USD Coin
2018-01-21,0.0,0.0,0.0,0.0,0.0,USD Coin
2018-01-22,0.0,0.0,0.0,0.0,0.0,USD Coin
2018-01-23,0.0,0.0,0.0,0.0,0.0,USD Coin
2018-01-24,0.0,0.0,0.0,0.0,0.0,USD Coin
2018-01-25,0.0,0.0,0.0,0.0,0.0,USD Coin
2018-01-26,0.0,0.0,0.0,0.0,0.0,USD Coin
2018-01-27,0.0,0.0,0.0,0.0,0.0,USD Coin
2018-01-28,0.0,0.0,0.0,0.0,0.0,USD Coin
2018-01-29,0.0,0.0,0.0,0.0,0.0,USD Coin
2018-01-30,0.0,0.0,0.0,0.0,0.0,USD Coin
2018-01-31,0.0,0.0,0.0,0.0,0.0,USD Coin
2018-02-01,0.0,0.0,0.0,0.0,0.0,USD Coin
2018-02-02,0.0,0.0,0.0,0.0,0.0,USD Coin
2018-02-03,0.0,0.0,0.0,0.0,0.0,USD Coin
2018-02-04,0.0,0.0,0.0,0.0,0.0,USD Coin
2018-02-05,0.0,0.0,0.0,0.0,0.0,USD Coin
2018-02-06,0.0,0.0,0.0,0.0,0.0,USD Coin
2018-02-07,0.0,0.0,0.0,0.0,0.0,USD Coin
2018-02-08,0.0,0.0,0.0,0.0,0.0,USD Coin
2018-02-09,0.0,0.0,0.0,0.0,0.0,USD Coin
2018-02-10,0.0,0.0,0.0,0.0,0.0,USD Coin
2018-02-11,0.0,0.0,0.0,0.0,0.0,USD Coin
2018-02-12,0.0,0.0,0.0,0.0,0.0,USD Coin
2018-02-13,0.0,0.0,0.0,0.0,0.0,USD Coin
2018-02-14,0.0,0.0,0.0,0.0,0.0,USD Coin
2018-02-15,0.0,0.0,0.0,0.0,0.0,USD Coin
2018-02-16,0.0,0.0,0.0,0.0,0.0,USD Coin
2018-02-17,0.0,0.0,0.0,0.0,0.0,USD Coin
2018-02-18,0.0,0.0,0.0,0.0,0.0,USD Coin
2018-02-19,0.0,0.0,0.0,0.0,0.0,USD Coin
2018-02-20,0.0,0.0,0.0,0.0,0.0,USD Coin
2018-02-21,0.0,0.0,0.0,0.0,0.0,USD Coin
2018-02-22,0.0,0.0,0.0,0.0,0.0,USD Coin
2018-02-23,0.0,0.0,0.0,0.0,0.0,USD Coin
2018-02-24,0.0,0.0,0.0,0.0,0.0,USD Coin
2018-02-25,0.0,0.0,0.0,0.0,0.0,USD Coin
2018-02-26,0.0,0.0,0.0,0.0,0.0,USD Coin
2018-02-27,0.0,0.0,0.0,0.0,0.0,USD Coin
2018-02-28,0.0,0.0,0.0,0.0,0.0,USD Coin
2018-03-01,0.0,0.0,0.0,0.0,0.0,USD Coin
2018-03-02,0.0,0.0,0.0,0.0,0.0,USD Coin
2018-03-03,0.0,0.0,0.0,0.0,0.0,USD Coin
2018-03-04,0.0,0.0,0.0,0.0,0.0,USD Coin
2018-03-05,0.0,0.0,0.0,0.0,0.0,USD Coin
2018-03-06,0.0,0.0,0.0,0.0,0.0,USD Coin
2018-03-07,0.0,0.0,0.0,0.0,0.0,USD Coin
2018-03-08,0.0,0.0,0.0,0.0,0.0,USD Coin
2018-03-09,0.0,0.0,0.0,0.0,0.0,USD Coin
2018-03-10,0.0,0.0,0.0,0.0,0.0,USD Coin
2018-03-11,0.0,0.0,0.0,0.0,0.0,USD Coin
2018-03-12,0.0,0.0,0.0,0.0,0.0,USD Coin
2018-03-13,0.0,0.0,0.0,0.0,0.0,USD Coin
2018-03-14,0.0,0.0,0.0,0.0,0.0,USD Coin
2018-03-15,0.0,0.0,0.0,0.0,0.0,USD Coin
2018-03-16,0.0,0.0,0.0,0.0,0.0,USD Coin
2018-03-17,0.0,0.0,0.0,0.0,0.0,USD Coin
2018-03-18,0.0,0.0,0.0,0.0,0.0,USD Coin
2018-03-19,0.0,0.0,0.0,0.0,0.0,USD Coin
2018-03-20,0.0,0.0,0.0,0.0,0.0,USD Coin
2018-03-21,0.0,0.0,0.0,0.0,0.0,USD Coin
2018-03-22,0.0,0.0,0.0,0.0,0.0,USD Coin
2018-03-23,0.0,0.0,0.0,0.0,0.0,USD Coin
2018-03-24,0.0,0.0,0.0,0.0,0.0,USD Coin
2018-03-25,0.0,0.0,0.0,0.0,0.0,USD Coin
2018-03-26,0.0,0.0,0.0,0.0,0.0,USD Coin
2018-03-27,0.0,0.0,0.0,0.0,0.0,USD Coin
2018-03-28,0.0,0.0,0.0,0.0,0.0,USD Coin
2018-03-29,0.0,0.0,0.0,0.0,0.0,USD Coin
2018-03-30,0.0,0.0,0.0,0.0,0.0,USD Coin
2018-03-31,0.0,0.0,0.0,0.0,0.0,USD Coin
2018-04-01,0.0,0.0,0.0,0.0,0.0,USD Coin
2018-04-02,0.0,0.0,0.0,0.0,0.0,USD Coin
2018-04-03,0.0,0.0,0.0,0.0,0.0,USD Coin
2018-04-04,0.0,0.0,0.0,0.0,0.0,USD Coin
2018-04-05,0.0,0.0,0.0,0.0,0.0,USD Coin
2018-04-06,0.0,0.0,0.0,0.0,0.0,USD Coin
2018-04-07,0.0,0.0,0.0,0.0,0.0,USD Coin
2018-04-08,0.0,0.0,0.0,0.0,0.0,USD Coin
2018-04-09,0.0,0.0,0.0,0.0,0.0,USD Coin
2018-04-10,0.0,0.0,0.0,0.0,0.0,USD Coin
2018-04-11,0.0,0.0,0.0,0.0,0.0,USD Coin
2018-04-12,0.0,0.0,0.0,0.0,0.0,USD Coin
2018-04-13,0.0,0.0,0.0,0.0,0.0,USD Coin
2018-04-14,0.0,0.0,0.0,0.0,0.0,USD Coin
2018-04-15,0.0,0.0,0.0,0.0,0.0,USD Coin
2018-04-16,0.0,0.0,0.0,0.0,0.0,USD Coin
2018-04-17,0.0,0.0,0.0,0.0,0.0,USD Coin
2018-04-18,0.0,0.0,0.0,0.0,0.0,USD Coin
2018-04-19,0.0,0.0,0.0,0.0,0.0,USD Coin
2018-04-20,0.0,0.0,0.0,0.0,0.0,USD Coin
2018-04-21,0.0,0.0,0.0,0.0,0.0,USD Coin
2018-04-22,0.0,0.0,0.0,0.0,0.0,USD Coin
2018-04-23,0.0,0.0,0.0,0.0,0.0,USD Coin
2018-04-24,0.0,0.0,0.0,0.0,0.0,USD Coin
2018-04-25,0.0,0.0,0.0,0.0,0.0,USD Coin
2018-04-26,0.0,0.0,0.0,0.0,0.0,USD Coin
2018-04-27,0.0,0.0,0.0,0.0,0.0,USD Coin
2018-04-28,0.0,0.0,0.0,0.0,0.0,USD Coin
2018-04-29,0.0,0.0,0.0,0.0,0.0,USD Coin
2018-04-30,0.0,0.0,0.0,0.0,0.0,USD Coin
2018-05-01,0.0,0.0,0.0,0.0,0.0,USD Coin
2018-05-02,0.0,0.0,0.0,0.0,0.0,USD Coin
2018-05-03,0.0,0.0,0.0,0.0,0.0,USD Coin
2018-05-04,0.0,0.0,0.0,0.0,0.0,USD Coin
2018-05-05,0.0,0.0,0.0,0.0,0.0,USD Coin
2018-05-06,0.0,0.0,0.0,0.0,0.0,USD Coin
2018-05-07,0.0,0.0,0.0,0.0,0.0,USD Coin
2018-05-08,0.0,0.0,0.0,0.0,0.0,USD Coin
2018-05-09,0.0,0.0,0.0,0.0,0.0,USD Coin
2018-05-10,0.0,0.0,0.0,0.0,0.0,USD Coin
2018-05-11,0.0,0.0,0.0,0.0,0.0,USD Coin
2018-05-12,0.0,0.0,0.0,0.0,0.0,USD Coin
2018-05-13,0.0,0.0,0.0,0.0,0.0,USD Coin
2018-05-14,0.0,0.0,0.0,0.0,0.0,USD Coin
2018-05-15,0.0,0.0,0.0,0.0,0.0,USD Coin
2018-05-16,0.0,0.0,0.0,0.0,0.0,USD Coin
2018-05-17,0.0,0.0,0.0,0.0,0.0,USD Coin
2018-05-18,0.0,0.0,0.0,0.0,0.0,USD Coin
2018-05-19,0.0,0.0,0.0,0.0,0.0,USD Coin
2018-05-20,0.0,0.0,0.0,0.0,0.0,USD Coin
2018-05-21,0.0,0.0,0.0,0.0,0.0,USD Coin
2018-05-22,0.0,0.0,0.0,0.0,0.0,USD Coin
2018-05-23,0.0,0.0,0.0,0.0,0.0,USD Coin
2018-05-24,0.0,0.0,0.0,0.0,0.0,USD Coin
2018-05-25,0.0,0.0,0.0,0.0,0.0,USD Coin
2018-05-26,0.0,0.0,0.0,0.0,0.0,USD Coin
2018-05-27,0.0,0.0,0.0,0.0,0.0,USD Coin
2018-05-28,0.0,0.0,0.0,0.0,0.0,USD Coin
2018-05-29,0.0,0.0,0.0,0.0,0.0,USD Coin
2018-05-30,0.0,0.0,0.0,0.0,0.0,USD Coin
2018-05-31,0.0,0.0,0.0,0.0,0.0,USD Coin
2018-06-01,0.0,0.0,0.0,0.0,0.0,USD Coin
2018-06-02,0.0,0.0,0.0,0.0,0.0,USD Coin
2018-06-03,0.0,0.0,0.0,0.0,0.0,USD Coin
2018-06-04,0.0,0.0,0.0,0.0,0.0,USD Coin
2018-06-05,0.0,0.0,0.0,0.0,0.0,USD Coin
2018-06-06,0.0,0.0,0.0,0.0,0.0,USD Coin
2018-06-07,0.0,0.0,0.0,0.0,0.0,USD Coin
2018-06-08,0.0,0.0,0.0,0.0,0.0,USD Coin
2018-06-09,0.0,0.0,0.0,0.0,0.0,USD Coin
2018-06-10,0.0,0.0,0.0,0.0,0.0,USD Coin
2018-06-11,0.0,0.0,0.0,0.0,0.0,USD Coin
2018-06-12,0.0,0.0,0.0,0.0,0.0,USD Coin
2018-06-13,0.0,0.0,0.0,0.0,0.0,USD Coin
2018-06-14,0.0,0.0,0.0,0.0,0.0,USD Coin
2018-06-15,0.0,0.0,0.0,0.0,0.0,USD Coin
2018-06-16,0.0,0.0,0.0,0.0,0.0,USD Coin
2018-06-17,0.0,0.0,0.0,0.0,0.0,USD Coin
2018-06-18,0.0,0.0,0.0,0.0,0.0,USD Coin
2018-06-19,0.0,0.0,0.0,0.0,0.0,USD Coin
2018-06-20,0.0,0.0,0.0,0.0,0.0,USD Coin
2018-06-21,0.0,0.0,0.0,0.0,0.0,USD Coin
2018-06-22,0.0,0.0,0.0,0.0,0.0,USD Coin
2018-06-23,0.0,0.0,0.0,0.0,0.0,USD Coin
2018-06-24,0.0,0.0,0.0,0.0,0.0,USD Coin
2018-06-25,0.0,0.0,0.0,0.0,0.0,USD Coin
2018-06-26,0.0,0.0,0.0,0.0,0.0,USD Coin
2018-06-27,0.0,0.0,0.0,0.0,0.0,USD Coin
2018-06-28,0.0,0.0,0.0,0.0,0.0,USD Coin
2018-06-29,0.0,0.0,0.0,0.0,0.0,USD Coin
2018-06-30,0.0,0.0,0.0,0.0,0.0,USD Coin
2018-07-01,0.0,0.0,0.0,0.0,0.0,USD Coin
2018-07-02,0.0,0.0,0.0,0.0,0.0,USD Coin
2018-07-03,0.0,0.0,0.0,0.0,0.0,USD Coin
2018-07-04,0.0,0.0,0.0,0.0,0.0,USD Coin
2018-07-05,0.0,0.0,0.0,0.0,0.0,USD Coin
2018-07-06,0.0,0.0,0.0,0.0,0.0,USD Coin
2018-07-07,0.0,0.0,0.0,0.0,0.0,USD Coin
2018-07-08,0.0,0.0,0.0,0.0,0.0,USD Coin
2018-07-09,0.0,0.0,0.0,0.0,0.0,USD Coin
2018-07-10,0.0,0.0,0.0,0.0,0.0,USD Coin
2018-07-11,0.0,0.0,0.0,0.0,0.0,USD Coin
2018-07-12,0.0,0.0,0.0,0.0,0.0,USD Coin
2018-07-13,0.0,0.0,0.0,0.0,0.0,USD Coin
2018-07-14,0.0,0.0,0.0,0.0,0.0,USD Coin
2018-07-15,0.0,0.0,0.0,0.0,0.0,USD Coin
2018-07-16,0.0,0.0,0.0,0.0,0.0,USD Coin
2018-07-17,0.0,0.0,0.0,0.0,0.0,USD Coin
2018-07-18,0.0,0.0,0.0,0.0,0.0,USD Coin
2018-07-19,0.0,0.0,0.0,0.0,0.0,USD Coin
2018-07-20,0.0,0.0,0.0,0.0,0.0,USD Coin
2018-07-21,0.0,0.0,0.0,0.0,0.0,USD Coin
2018-07-22,0.0,0.0,0.0,0.0,0.0,USD Coin
2018-07-23,0.0,0.0,0.0,0.0,0.0,USD Coin
2018-07-24,0.0,0.0,0.0,0.0,0.0,USD Coin
2018-07-25,0.0,0.0,0.0,0.0,0.0,USD Coin
2018-07-26,0.0,0.0,0.0,0.0,0.0,USD Coin
2018-07-27,0.0,0.0,0.0,0.0,0.0,USD Coin
2018-07-28,0.0,0.0,0.0,0.0,0.0,USD Coin
2018-07-29,0.0,0.0,0.0,0.0,0.0,USD Coin
2018-07-30,0.0,0.0,0.0,0.0,0.0,USD Coin
2018-07-31,0.0,0.0,0.0,0.0,0.0,USD Coin
2018-08-01,0.0,0.0,0.0,0.0,0.0,USD Coin
2018-08-02,0.0,0.0,0.0,0.0,0.0,USD Coin
2018-08-03,0.0,0.0,0.0,0.0,0.0,USD Coin
2018-08-04,0.0,0.0,0.0,0.0,0.0,USD Coin
2018-08-05,0.0,0.0,0.0,0.0,0.0,USD Coin
2018-08-06,0.0,0.0,0.0,0.0,0.0,USD Coin
2018-08-07,0.0,0.0,0.0,0.0,0.0,USD Coin
2018-08-08,0.0,0.0,0.0,0.0,0.0,USD Coin
2018-08-09,0.0,0.0,0.0,0.0,0.0,USD Coin
2018-08-10,0.0,0.0,0.0,0.0,0.0,USD Coin
2018-08-11,0.0,0.0,0.0,0.0,0.0,USD Coin
2018-08-12,0.0,0.0,0.0,0.0,0.0,USD Coin
2018-08-13,0.0,0.0,0.0,0.0,0.0,USD Coin
2018-08-14,0.0,0.0,0.0,0.0,0.0,USD Coin
2018-08-15,0.0,0.0,0.0,0.0,0.0,USD Coin
2018-08-16,0.0,0.0,0.0,0.0,0.0,USD Coin
2018-08-17,0.0,0.0,0.0,0.0,0.0,USD Coin
2018-08-18,0.0,0.0,0.0,0.0,0.0,USD Coin
2018-08-19,0.0,0.0,0.0,0.0,0.0,USD Coin
2018-08-20,0.0,0.0,0.0,0.0,0.0,USD Coin
2018-08-21,0.0,0.0,0.0,0.0,0.0,USD Coin
2018-08-22,0.0,0.0,0.0,0.0,0.0,USD Coin
2018-08-23,0.0,0.0,0.0,0.0,0.0,USD Coin
2018-08-24,0.0,0.0,0.0,0.0,0.0,USD Coin
2018-08-25,0.0,0.0,0.0,0.0,0.0,USD Coin
2018-08-26,0.0,0.0,0.0,0.0,0.0,USD Coin
2018-08-27,0.0,0.0,0.0,0.0,0.0,USD Coin
2018-08-28,0.0,0.0,0.0,0.0,0.0,USD Coin
2018-08-29,0.0,0.0,0.0,0.0,0.0,USD Coin
2018-08-30,0.0,0.0,0.0,0.0,0.0,USD Coin
2018-08-31,0.0,0.0,0.0,0.0,0.0,USD Coin
2018-09-01,0.0,0.0,0.0,0.0,0.0,USD Coin
2018-09-02,0.0,0.0,0.0,0.0,0.0,USD Coin
2018-09-03,0.0,0.0,0.0,0.0,0.0,USD Coin
2018-09-04,0.0,0.0,0.0,0.0,0.0,USD Coin
2018-09-05,0.0,0.0,0.0,0.0,0.0,USD Coin
2018-09-06,0.0,0.0,0.0,0.0,0.0,USD Coin
2018-09-07,0.0,0.0,0.0,0.0,0.0,USD Coin
2018-09-08,0.0,0.0,0.0,0.0,0.0,USD Coin
2018-09-09,0.0,0.0,0.0,0.0,0.0,USD Coin
2018-09-10,0.0,0.0,0.0,0.0,0.0,USD Coin
2018-09-11,0.0,0.0,0.0,0.0,0.0,USD Coin
2018-09-12,0.0,0.0,0.0,0.0,0.0,USD Coin
2018-09-13,0.0,0.0,0.0,0.0,0.0,USD Coin
2018-09-14,0.0,0.0,0.0,0.0,0.0,USD Coin
2018-09-15,0.0,0.0,0.0,0.0,0.0,USD Coin
2018-09-16,0.0,0.0,0.0,0.0,0.0,USD Coin
2018-09-17,0.0,0.0,0.0,0.0,0.0,USD Coin
2018-09-18,0.0,0.0,0.0,0.0,0.0,USD Coin
2018-09-19,0.0,0.0,0.0,0.0,0.0,USD Coin
2018-09-20,0.0,0.0,0.0,0.0,0.0,USD Coin
2018-09-21,0.0,0.0,0.0,0.0,0.0,USD Coin
2018-09-22,0.0,0.0,0.0,0.0,0.0,USD Coin
2018-09-23,0.0,0.0,0.0,0.0,0.0,USD Coin
2018-09-24,0.0,0.0,0.0,0.0,0.0,USD Coin
2018-09-25,0.0,0.0,0.0,0.0,0.0,USD Coin
2018-09-26,0.0,0.0,0.0,0.0,0.0,USD Coin
2018-09-27,0.0,0.0,0.0,0.0,0.0,USD Coin
2018-09-28,0.0,0.0,0.0,0.0,0.0,USD Coin
2018-09-29,0.0,0.0,0.0,0.0,0.0,USD Coin
2018-09-30,0.0,0.0,0.0,0.0,0.0,USD Coin
2018-10-01,0.0,0.0,0.0,0.0,0.0,USD Coin
2018-10-02,0.0,0.0,0.0,0.0,0.0,USD Coin
2018-10-03,0.0,0.0,0.0,0.0,0.0,USD Coin
2018-10-04,0.0,0.0,0.0,0.0,0.0,USD Coin
2018-10-05,0.0,0.0,0.0,0.0,0.0,USD Coin
2018-10-06,0.0,0.0,0.0,0.0,0.0,USD Coin
2018-10-07,0.0,0.0,0.0,0.0,0.0,USD Coin
2018-10-08,0.0,0.0,0.0,0.0,0.0,USD Coin
2018-10-09,0.0,0.0,0.0,0.0,0.0,USD Coin
2018-10-10,0.0007295,1.007,0.0007239,0.9891,627.01,USD Coin
2018-10-11,1.06,1.069,1.003,1.009,105191.23,USD Coin
2018-10-12,1.009,1.015,0.9955,1.008,46563.08,USD Coin
2018-10-13,1.008,1.014,1.008,1.012,22184.76,USD Coin
2018-10-14,1.012,1.028,1.011,1.016,34690.88,USD Coin
2018-10-15,1.016,1.123,0.9689,1.026,181922.05,USD Coin
2018-10-16,1.026,1.042,1.015,1.02,50198.66,USD Coin
2018-10-17,1.02,1.024,1.012,1.022,34269.12,USD Coin
2018-10-18,1.022,1.035,1.008,1.015,51498.9,USD Coin
2018-10-19,1.015,1.017,1.009,1.012,37046.13,USD Coin
2018-10-20,1.012,1.037,0.9977,1.013,19788.82,USD Coin
2018-10-21,1.013,1.023,1.01,1.016,16270.35,USD Coin
2018-10-22,1.016,1.02,1.009,1.012,31624.48,USD Coin
2018-10-23,1.013,1.016,1.007,1.011,34461.6,USD Coin
2018-10-24,1.012,1.019,1.007,1.009,34422.92,USD Coin
2018-10-25,1.009,1.017,1.007,1.011,36111.29,USD Coin
2018-10-26,1.011,1.019,1.008,1.011,33635.15,USD Coin
2018-10-27,1.011,1.012,1.007,1.01,19291.83,USD Coin
2018-10-28,1.01,1.011,1.005,1.009,16956.46,USD Coin
2018-10-29,1.009,1.034,1.002,1.007,54130.98,USD Coin
2018-10-30,1.007,1.012,1.003,1.007,43000.63,USD Coin
2018-10-31,1.007,1.012,0.9883,1.004,38990.19,USD Coin
2018-11-01,1.004,1.01,0.9976,1.007,31614.61,USD Coin
2018-11-02,1.007,1.012,1.004,1.008,28207.27,USD Coin
2018-11-03,1.008,1.01,1.001,1.007,29010.43,USD Coin
2018-11-04,1.007,1.01,0.987,1.005,27451.03,USD Coin
2018-11-05,1.005,1.01,0.9995,1.004,24231.71,USD Coin
2018-11-06,1.006,1.007,0.9525,1.005,499373.8,USD Coin
2018-11-07,1.005,1.008,0.9944,1.003,55240.2,USD Coin
2018-11-08,1.003,1.02,1.004,1.005,42273.6,USD Coin
2018-11-09,1.005,1.02,1.003,1.007,37351.68,USD Coin
2018-11-10,1.007,1.012,1.005,1.008,14773.91,USD Coin
2018-11-11,1.008,1.007,0.9933,1.006,20461.88,USD Coin
2018-11-12,1.006,1.015,1.001,1.005,28483.07,USD Coin
2018-11-13,1.005,1.021,1.009,1.013,36232.87,USD Coin
2018-11-14,1.011,1.134,0.9733,1.022,182275.32,USD Coin
2018-11-15,1.021,1.038,0.9543,1.017,150374.01,USD Coin
2018-11-16,1.017,1.031,0.9972,1.015,72119.79,USD Coin
2018-11-17,1.015,1.02,1.006,1.014,29917.82,USD Coin
2018-11-18,1.013,1.026,1.002,1.01,42120.15,USD Coin
2018-11-19,1.01,1.181,1.0,1.011,210339.08,USD Coin
2018-11-20,1.011,1.135,0.9548,1.017,320509.33,USD Coin
2018-11-21,1.017,1.031,0.9488,1.01,153780.12,USD Coin
2018-11-22,1.01,1.091,1.011,1.016,85072.44,USD Coin
2018-11-23,1.016,1.032,0.9708,1.014,123460.17,USD Coin
2018-11-24,1.014,1.176,0.9926,1.023,125870.71,USD Coin
2018-11-25,1.023,1.061,0.9038,1.019,218081.48,USD Coin
2018-11-26,1.019,1.106,0.9651,1.015,188757.83,USD Coin
2018-11-27,1.015,1.03,0.9593,1.015,150216.61,USD Coin
2018-11-28,1.015,1.044,0.9074,1.012,177536.53,USD Coin
2018-11-29,1.012,1.054,0.9797,1.017,113973.0,USD Coin
2018-11-30,1.017,1.089,0.9849,1.008,123012.73,USD Coin
2018-12-01,1.008,1.039,0.9504,1.012,68574.78,USD Coin
2018-12-02,1.012,1.053,0.9945,1.011,63419.32,USD Coin
2018-12-03,1.011,1.085,0.9903,1.01,108493.56,USD Coin
2018-12-04,1.01,1.046,0.9658,1.011,95722.45,USD Coin
2018-12-05,1.011,1.075,1.009,1.014,84962.71,USD Coin
2018-12-06,1.014,1.131,1.01,1.015,161969.22,USD Coin
2018-12-07,1.015,1.06,0.9629,1.014,208980.72,USD Coin
2018-12-08,1.014,1.061,0.9704,1.019,106091.54,USD Coin
2018-12-09,1.019,1.05,0.9701,1.014,84537.91,USD Coin
2018-12-10,1.014,1.071,1.004,1.018,83360.66,USD Coin
2018-12-11,1.018,1.041,1.001,1.017,68642.07,USD Coin
2018-12-12,1.017,1.034,0.9863,1.017,75677.61,USD Coin
2018-12-13,1.017,1.071,1.003,1.013,85676.9,USD Coin
2018-12-14,1.013,1.044,0.9966,1.014,90355.77,USD Coin
2018-12-15,1.014,1.029,0.9965,1.016,52151.63,USD Coin
2018-12-16,1.016,1.04,1.011,1.02,45993.02,USD Coin
2018-12-17,1.02,1.04,0.9251,1.013,121437.77,USD Coin
2018-12-18,1.013,1.017,0.95,1.014,92885.38,USD Coin
2018-12-19,1.014,1.078,1.003,1.015,165431.29,USD Coin
2018-12-20,1.015,1.036,0.9099,1.014,182556.22,USD Coin
2018-12-21,1.014,1.108,0.9996,1.017,130722.71,USD Coin
2018-12-22,1.017,1.02,0.9668,1.016,64693.67,USD Coin
2018-12-23,1.016,1.043,1.006,1.015,59189.91,USD Coin
2018-12-24,1.015,1.068,0.9942,1.013,111284.64,USD Coin
2018-12-25,1.013,1.084,0.989,1.015,97165.85,USD Coin
2018-12-26,1.015,1.03,0.9835,1.01,69673.6,USD Coin
2018-12-27,1.01,1.083,1.009,1.016,82941.22,USD Coin
2018-12-28,1.016,1.031,0.933,1.015,94293.28,USD Coin
2018-12-29,1.015,1.076,1.014,1.02,55793.02,USD Coin
2018-12-30,1.02,1.024,0.9815,1.017,50633.83,USD Coin
2018-12-31,1.017,1.059,1.004,1.017,55131.42,USD Coin
2019-01-01,1.017,1.031,0.9676,1.016,45804.91,USD Coin
2019-01-02,1.016,1.025,0.9834,1.018,55006.54,USD Coin
2019-01-03,1.018,1.046,0.9971,1.012,46139.58,USD Coin
2019-01-04,1.012,1.019,0.9879,1.011,44906.73,USD Coin
2019-01-05,1.017,1.06,1.003,1.013,968218.32,USD Coin
2019-01-06,1.015,1.025,0.9467,1.014,59728.44,USD Coin
2019-01-07,1.014,1.032,0.9991,1.011,52124.19,USD Coin
2019-01-08,1.011,1.043,1.002,1.014,66917.96,USD Coin
2019-01-09,1.014,1.021,1.001,1.01,55698.77,USD Coin
2019-01-10,1.01,1.125,1.0,1.01,109407.13,USD Coin
2019-01-11,1.01,1.027,0.9959,1.01,63727.39,USD Coin
2019-01-12,1.01,1.019,0.9971,1.012,28675.95,USD Coin
2019-01-13,1.012,1.047,1.005,1.011,46204.73,USD Coin
2019-01-14,1.011,1.021,0.9656,1.009,56607.08,USD Coin
2019-01-15,1.009,1.04,1.003,1.011,54771.76,USD Coin
2019-01-16,1.011,1.026,1.001,1.01,54368.74,USD Coin
2019-01-17,1.01,1.013,0.9834,1.01,46660.93,USD Coin
2019-01-18,1.01,1.021,1.003,1.01,32758.15,USD Coin
2019-01-19,1.01,1.031,0.9882,1.012,38793.27,USD Coin
2019-01-20,1.012,1.062,0.9987,1.01,49670.75,USD Coin
2019-01-21,1.01,1.02,1.002,1.012,36537.36,USD Coin
2019-01-22,1.012,1.016,0.9711,1.007,53959.77,USD Coin
2019-01-23,1.007,1.021,0.9969,1.005,38092.33,USD Coin
2019-01-24,1.005,1.013,0.9936,1.008,31888.35,USD Coin
2019-01-25,1.008,1.012,0.993,1.005,32849.03,USD Coin
2019-01-26,1.005,1.034,1.006,1.011,29531.93,USD Coin
2019-01-27,1.011,1.021,0.9939,1.009,26500.61,USD Coin
2019-01-28,1.009,1.04,0.9924,1.007,60130.18,USD Coin
2019-01-29,1.007,1.019,0.9918,1.006,46592.38,USD Coin
2019-01-30,1.006,1.015,0.9877,1.008,42758.87,USD Coin
2019-01-31,1.008,1.026,1.004,1.007,37633.64,USD Coin
2019-02-01,1.007,1.013,0.99,1.008,42322.8,USD Coin
2019-02-02,1.008,1.016,0.9932,1.013,27446.42,USD Coin
2019-02-03,1.013,1.029,1.002,1.01,23272.23,USD Coin
2019-02-04,1.01,1.017,1.005,1.005,24085.96,USD Coin
2019-02-05,1.005,1.006,0.9967,1.006,24607.16,USD Coin
2019-02-06,1.006,1.028,0.9987,1.008,44655.09,USD Coin
2019-02-07,1.008,1.014,1.003,1.005,28960.13,USD Coin
2019-02-08,1.005,1.031,0.9284,1.01,90370.14,USD Coin
2019-02-09,1.01,1.013,0.9974,1.007,26071.85,USD Coin
2019-02-10,1.007,1.011,0.99,1.01,30353.41,USD Coin
2019-02-11,1.01,1.028,1.005,1.006,40707.42,USD Coin
2019-02-12,1.006,1.017,0.996,1.008,46084.2,USD Coin
2019-02-13,1.008,1.023,1.005,1.009,41035.83,USD Coin
2019-02-14,1.009,1.017,1.002,1.008,33046.67,USD Coin
2019-02-15,1.008,1.021,1.003,1.008,36543.96,USD Coin
2019-02-16,1.008,1.016,1.003,1.01,24241.9,USD Coin
2019-02-17,1.01,1.021,0.9944,1.012,37280.01,USD Coin
2019-02-18,1.012,1.022,0.9466,1.012,99872.56,USD Coin
2019-02-19,1.012,1.033,0.9997,1.01,74900.05,USD Coin
2019-02-20,1.01,1.013,0.9895,1.009,53501.43,USD Coin
2019-02-21,1.009,1.033,1.0,1.01,47901.32,USD Coin
2019-02-22,1.01,1.015,0.9949,1.012,43507.87,USD Coin
2019-02-23,1.012,1.022,0.9621,1.011,57628.36,USD Coin
2019-02-24,1.011,1.134,1.008,1.013,81415.56,USD Coin
2019-02-25,1.013,1.018,0.9885,1.008,48787.79,USD Coin
2019-02-26,1.008,1.015,0.9994,1.006,33461.15,USD Coin
2019-02-27,1.006,1.015,0.9746,1.009,46432.8,USD Coin
2019-02-28,1.009,1.031,1.001,1.008,44713.65,USD Coin
2019-03-01,1.008,1.016,1.004,1.007,26695.06,USD Coin
2019-03-02,1.007,1.01,0.9949,1.009,19450.43,USD Coin
2019-03-03,1.009,1.018,1.001,1.007,16894.34,USD Coin
2019-03-04,1.007,1.035,1.001,1.008,39610.28,USD Coin
2019-03-05,1.008,1.012,0.9673,1.007,43574.75,USD Coin
2019-03-06,1.007,1.016,0.9965,1.006,33728.88,USD Coin
2019-03-07,1.006,1.013,0.9982,1.006,37840.03,USD Coin
2019-03-08,1.006,1.024,0.9912,1.008,39728.37,USD Coin
2019-03-09,1.008,1.014,0.9844,1.007,27782.92,USD Coin
2019-03-10,1.007,1.013,0.9998,1.008,17543.44,USD Coin
2019-03-11,1.008,1.023,0.9989,1.006,32889.68,USD Coin
2019-03-12,1.006,1.011,0.9913,1.007,33898.24,USD Coin
2019-03-13,1.007,1.012,1.001,1.007,28120.85,USD Coin
2019-03-14,1.007,1.018,0.9924,1.007,34798.42,USD Coin
2019-03-15,1.007,1.009,0.9935,1.007,32344.2,USD Coin
2019-03-16,1.007,1.02,0.984,1.01,41716.88,USD Coin
2019-03-17,1.01,1.016,1.001,1.008,17164.55,USD Coin
2019-03-18,1.008,1.017,0.9983,1.005,27540.37,USD Coin
2019-03-19,1.005,1.008,0.993,1.006,29861.85,USD Coin
2019-03-20,1.006,1.008,0.991,1.006,37088.64,USD Coin
2019-03-21,1.006,1.028,0.9955,1.006,44534.31,USD Coin
2019-03-22,1.006,1.009,1.0,1.005,22776.16,USD Coin
2019-03-23,1.005,1.01,1.001,1.007,18615.04,USD Coin
2019-03-24,1.007,1.009,0.9994,1.005,16198.61,USD Coin
2019-03-25,1.005,1.025,0.9947,1.004,34334.0,USD Coin
2019-03-26,1.004,1.005,0.995,1.005,23996.4,USD Coin
2019-03-27,1.005,1.007,0.9767,1.005,37309.45,USD Coin
2019-03-28,1.005,1.009,1.001,1.007,25516.15,USD Coin
2019-03-29,1.007,1.007,0.9849,1.004,42029.77,USD Coin
2019-03-30,1.004,1.013,0.9934,1.006,25053.24,USD Coin
2019-03-31,1.006,1.009,1.002,1.005,13862.37,USD Coin
2019-04-01,1.005,1.007,0.9872,1.004,37065.39,USD Coin
2019-04-02,1.004,1.041,0.846,1.001,172614.37,USD Coin
2019-04-03,1.001,1.073,0.9716,1.001,159958.18,USD Coin
2019-04-04,1.001,1.033,0.978,1.001,74628.88,USD Coin
2019-04-05,1.001,1.008,0.9725,1.002,56253.64,USD Coin
2019-04-06,1.002,1.04,0.9799,1.004,54371.42,USD Coin
2019-04-07,1.004,1.014,0.9712,1.001,47264.5,USD Coin
2019-04-08,1.001,1.011,0.9723,1.001,69885.54,USD Coin
2019-04-09,1.001,1.02,0.9943,1.002,48668.84,USD Coin
2019-04-10,1.002,1.026,0.9734,0.9997,65794.76,USD Coin
2019-04-11,0.9997,1.058,0.9877,0.9997,69603.42,USD Coin
2019-04-12,0.9997,1.008,0.97,1.0,43775.86,USD Coin
2019-04-13,1.0,1.011,0.9969,1.002,23383.62,USD Coin
2019-04-14,1.002,1.005,0.9749,1.001,21213.28,USD Coin
2019-04-15,1.001,1.032,0.9875,1.001,40444.69,USD Coin
2019-04-16,1.001,1.005,0.9659,1.001,40415.74,USD Coin
2019-04-17,1.001,1.008,0.9926,1.001,37275.01,USD Coin
2019-04-18,1.001,1.006,0.9902,1.001,35545.46,USD Coin
2019-04-19,1.001,1.013,0.9863,1.002,30171.73,USD Coin
2019-04-20,1.002,1.008,0.9912,1.001,23235.26,USD Coin
2019-04-21,1.001,1.009,0.9872,1.001,25491.99,USD Coin
2019-04-22,1.001,1.011,0.9776,1.001,45414.5,USD Coin
2019-04-23,1.001,1.015,0.9688,0.999,66384.25,USD Coin
2019-04-24,0.999,1.036,0.9914,1.003,61843.56,USD Coin
2019-04-25,1.003,1.076,0.9804,1.006,71172.33,USD Coin
2019-04-26,1.006,1.041,0.9913,1.017,71349.77,USD Coin
2019-04-27,1.017,1.023,1.006,1.013,21976.56,USD Coin
2019-04-28,1.013,1.031,1.013,1.023,25888.36,USD Coin
2019-04-29,1.023,1.031,1.005,1.019,32558.65,USD Coin
2019-04-30,1.019,1.02,0.9917,1.016,33075.4,USD Coin
2019-05-01,1.016,1.018,1.004,1.012,27748.31,USD Coin
2019-05-02,1.012,1.026,0.9996,1.021,35813.16,USD Coin
2019-05-03,1.021,1.041,0.9693,1.017,76695.93,USD Coin
2019-05-04,1.017,1.023,0.9699,1.012,46182.68,USD Coin
2019-05-05,1.012,1.024,0.9991,1.014,25834.03,USD Coin
2019-05-06,1.014,1.025,0.9932,1.011,35380.41,USD Coin
2019-05-07,1.011,1.05,1.0,1.013,60318.81,USD Coin
2019-05-08,1.013,1.017,0.9697,1.011,41423.24,USD Coin
2019-05-09,1.011,1.009,0.975,1.005,51250.65,USD Coin
2019-05-10,1.005,1.018,0.969,1.005,68471.35,USD Coin
2019-05-11,1.005,1.037,0.8912,1.008,136356.7,USD Coin
2019-05-12,1.008,1.084,0.9761,1.003,143261.2,USD Coin
2019-05-13,1.003,1.041,0.88,0.9994,148991.53,USD Coin
2019-05-14,0.9994,1.04,0.9561,0.9998,122358.99,USD Coin
2019-05-15,0.9998,1.006,0.956,0.9967,85875.42,USD Coin
2019-05-16,0.9967,1.06,0.9749,0.9997,95313.36,USD Coin
2019-05-17,0.9997,1.077,0.9056,1.001,141640.1,USD Coin
2019-05-18,1.001,1.031,0.9932,1.0,41343.42,USD Coin
2019-05-19,1.0,1.01,0.8852,0.9993,91154.26,USD Coin
2019-05-20,0.9993,1.024,0.9489,0.9997,80645.51,USD Coin
2019-05-21,0.9997,1.019,0.9821,0.9997,44990.58,USD Coin
2019-05-22,0.9997,1.054,0.9886,1.001,54263.27,USD Coin
2019-05-23,1.001,1.012,0.9495,1.0,50120.31,USD Coin
2019-05-24,1.0,1.021,0.9752,0.9996,51581.12,USD Coin
2019-05-25,0.9996,1.008,0.9846,0.9983,22256.65,USD Coin
2019-05-26,0.9983,1.005,0.9041,0.9993,57610.86,USD Coin
2019-05-27,0.9993,1.018,0.9882,1.002,57779.05,USD Coin
2019-05-28,1.002,1.01,0.9806,0.9986,41385.89,USD Coin
2019-05-29,0.9986,1.011,0.9749,1.0,44072.07,USD Coin
2019-05-30,1.0,1.096,0.97,1.0,95198.38,USD Coin
2019-05-31,1.0,1.001,0.9476,0.9984,60045.76,USD Coin
2019-06-01,0.9984,1.007,0.9884,0.9997,26875.2,USD Coin
2019-06-02,0.9997,1.009,0.9783,1.0,25508.13,USD Coin
2019-06-03,1.0,1.078,0.9955,1.001,63520.91,USD Coin
2019-06-04,1.001,1.058,0.9732,1.001,103664.43,USD Coin
2019-06-05,1.001,1.016,0.9742,0.9998,49762.07,USD Coin
2019-06-06,0.9998,1.009,0.9568,1.0,44410.67,USD Coin
2019-06-07,1.0,1.016,0.9706,1.0,51105.33,USD Coin
2019-06-08,1.0,1.017,0.9838,1.001,23496.77,USD Coin
2019-06-09,1.001,1.042,0.9863,1.0,30313.03,USD Coin
2019-06-10,1.0,1.006,0.94,1.001,43190.46,USD Coin
2019-06-11,1.001,1.017,0.9756,1.0,35849.91,USD Coin
2019-06-12,1.0,1.009,0.9587,1.0,49471.05,USD Coin
2019-06-13,1.0,1.011,0.9775,0.9996,38521.52,USD Coin
2019-06-14,0.9996,1.003,0.9408,0.9999,50378.3,USD Coin
2019-06-15,0.9999,1.006,0.9737,0.9999,38136.23,USD Coin
2019-06-16,0.9999,1.043,0.9789,0.9987,84182.79,USD Coin
2019-06-17,0.9987,1.015,0.9626,1.001,65555.2,USD Coin
2019-06-18,1.001,1.031,0.9854,1.001,51872.08,USD Coin
2019-06-19,1.001,1.003,0.9743,0.9996,32001.34,USD Coin
2019-06-20,0.9996,1.007,0.9667,1.0,45143.91,USD Coin
2019-06-21,1.0,1.001,0.9327,0.9993,77778.09,USD Coin
2019-06-22,0.9993,1.048,0.9435,0.9999,115782.07,USD Coin
2019-06-23,0.9999,1.041,0.9698,1.001,57157.94,USD Coin
2019-06-24,1.001,1.007,0.9574,1.001,52165.91,USD Coin
2019-06-25,1.001,1.001,0.9345,0.9981,83964.53,USD Coin
2019-06-26,0.9981,1.069,0.9026,0.998,211017.17,USD Coin
2019-06-27,0.998,1.195,0.928,1.002,202742.22,USD Coin
2019-06-28,1.002,1.004,0.8701,0.9979,120448.18,USD Coin
2019-06-29,0.9979,1.042,0.9564,1.001,81971.31,USD Coin
2019-06-30,1.001,1.137,0.9954,1.004,81206.91,USD Coin
2019-07-01,1.004,1.06,0.9465,1.002,115958.6,USD Coin
2019-07-02,1.002,1.008,0.893,1.001,121068.97,USD Coin
2019-07-03,1.001,1.003,0.9052,1.0,115602.69,USD Coin
2019-07-04,1.0,1.079,0.991,0.9989,71065.99,USD Coin
2019-07-05,0.9989,1.042,0.9827,1.001,66157.26,USD Coin
2019-07-06,1.001,1.041,0.9765,0.9999,48168.82,USD Coin
2019-07-07,0.9999,1.011,0.9675,0.9992,36818.94,USD Coin
2019-07-08,0.9992,1.008,0.9224,1.0,63866.33,USD Coin
2019-07-09,1.0,1.019,0.9637,0.9994,79561.06,USD Coin
2019-07-10,0.9994,1.09,0.9562,0.9999,124513.93,USD Coin
2019-07-11,0.9999,1.067,0.9704,1.0,102977.32,USD Coin
2019-07-12,1.0,1.011,0.94,0.9994,55962.02,USD Coin
2019-07-13,0.9994,1.04,0.9515,0.9986,59105.77,USD Coin
2019-07-14,0.9986,1.123,0.9927,1.001,76397.21,USD Coin
2019-07-15,1.001,1.02,0.9098,0.9995,92694.76,USD Coin
2019-07-16,0.9995,1.172,0.9954,1.001,113694.57,USD Coin
2019-07-17,1.001,1.03,0.9371,1.0,101034.48,USD Coin
2019-07-18,1.0,1.012,0.8727,0.9991,102353.69,USD Coin
2019-07-19,0.9991,1.022,0.9625,1.0,63013.82,USD Coin
2019-07-20,1.0,1.031,0.9649,1.0,56778.23,USD Coin
2019-07-21,1.0,1.023,0.9754,0.9996,38365.82,USD Coin
2019-07-22,0.9996,1.034,0.9757,1.0,50589.89,USD Coin
2019-07-23,1.0,1.049,0.9971,1.0,52778.5,USD Coin
2019-07-24,1.0,1.016,0.9762,1.0,54772.75,USD Coin
2019-07-25,1.0,1.032,0.9871,1.001,40326.08,USD Coin
2019-07-26,1.001,1.005,0.9824,1.001,31979.99,USD Coin
2019-07-27,1.001,1.077,0.9824,1.0,53085.17,USD Coin
2019-07-28,1.0,1.008,0.9598,1.001,28354.18,USD Coin
2019-07-29,1.001,1.023,0.9882,1.001,31460.84,USD Coin
2019-07-30,1.001,1.017,0.9795,1.001,28878.88,USD Coin
2019-07-31,1.001,1.003,0.9491,0.9994,42003.45,USD Coin
2019-08-01,0.9994,1.008,0.9509,1.001,43541.33,USD Coin
2019-08-02,1.001,1.014,0.9832,1.001,44261.64,USD Coin
2019-08-03,1.001,1.009,0.9711,0.9998,34096.82,USD Coin
2019-08-04,0.9998,1.009,0.9634,1.0,39815.06,USD Coin
2019-08-05,1.0,1.012,0.9301,1.0,74776.77,USD Coin
2019-08-06,1.0,1.074,0.979,1.0,80711.81,USD Coin
2019-08-07,1.0,1.015,0.9528,1.001,70988.34,USD Coin
2019-08-08,1.001,1.003,0.9581,0.9985,49795.11,USD Coin
2019-08-09,0.9985,1.014,0.9847,1.001,39261.56,USD Coin
2019-08-10,1.001,1.061,0.9954,1.001,40901.07,USD Coin
2019-08-11,1.001,1.005,0.9651,1.002,25796.22,USD Coin
2019-08-12,1.002,1.015,0.9876,1.001,20192.54,USD Coin
2019-08-13,1.001,1.054,0.9917,1.001,43807.81,USD Coin
2019-08-14,1.001,1.086,0.9908,1.002,70233.4,USD Coin
2019-08-15,1.002,1.015,0.9221,1.001,84514.97,USD Coin
2019-08-16,1.001,1.018,0.943,1.001,62390.9,USD Coin
2019-08-17,1.001,1.025,0.9801,1.001,24486.03,USD Coin
2019-08-18,1.001,1.019,0.9768,1.001,21629.06,USD Coin
2019-08-19,1.001,1.002,0.9418,1.001,39968.94,USD Coin
2019-08-20,1.001,1.018,0.983,1.001,30925.79,USD Coin
2019-08-21,1.001,1.067,0.9746,1.0,57468.86,USD Coin
2019-08-22,1.0,1.012,0.9669,0.9993,37978.04,USD Coin
2019-08-23,0.9993,1.007,0.9668,1.001,31502.04,USD Coin
2019-08-24,1.001,1.028,0.977,1.001,28084.96,USD Coin
2019-08-25,1.001,1.021,0.977,1.0,25691.81,USD Coin
2019-08-26,1.0,1.027,0.9798,1.001,42211.36,USD Coin
2019-08-27,1.001,1.02,0.9867,1.0,26486.31,USD Coin
2019-08-28,1.0,1.058,0.9878,1.0,49164.39,USD Coin
2019-08-29,1.0,1.026,0.9858,1.001,42774.32,USD Coin
2019-08-30,1.001,1.012,0.9772,1.0,28941.64,USD Coin
2019-08-31,1.0,1.013,0.9917,1.003,15481.15,USD Coin
2019-09-01,1.003,1.006,0.9813,1.001,15497.36,USD Coin
2019-09-02,1.001,1.009,0.9418,1.002,42584.32,USD Coin
2019-09-03,1.002,1.015,0.9696,1.001,52131.74,USD Coin
2019-09-04,1.001,1.023,0.982,1.0,41234.78,USD Coin
2019-09-05,1.0,1.007,0.9901,0.9977,23901.27,USD Coin
2019-09-06,0.9977,1.06,0.9915,0.9994,54378.6,USD Coin
2019-09-07,0.9994,1.008,0.9826,1.001,18874.59,USD Coin
2019-09-08,1.001,1.018,0.9884,1.001,19015.05,USD Coin
2019-09-09,1.001,1.019,0.979,0.9996,33031.37,USD Coin
2019-09-10,0.9996,1.029,0.9862,1.0,26204.81,USD Coin
2019-09-11,1.0,1.009,0.9717,1.0,28199.9,USD Coin
2019-09-12,1.0,1.005,0.9647,1.0,26832.05,USD Coin
2019-09-13,1.0,1.023,0.9515,1.001,24405.57,USD Coin
2019-09-14,1.001,1.009,0.9893,1.0,15575.49,USD Coin
2019-09-15,1.0,1.008,0.9966,0.9999,11650.34,USD Coin
2019-09-16,0.9999,1.014,0.984,1.0,27391.15,USD Coin
2019-09-17,1.0,1.011,0.9962,1.001,21697.3,USD Coin
2019-09-18,1.001,1.011,0.9943,1.0,21750.2,USD Coin
2019-09-19,1.0,1.009,0.9384,1.001,45718.81,USD Coin
2019-09-20,1.001,1.015,0.9903,1.001,20955.87,USD Coin
2019-09-21,1.001,1.021,0.9967,1.001,17888.68,USD Coin
2019-09-22,1.001,1.007,0.9847,1.001,17820.41,USD Coin
2019-09-23,1.001,1.04,0.9947,1.001,33310.77,USD Coin
2019-09-24,1.001,1.147,0.9497,1.001,121898.18,USD Coin
2019-09-25,1.001,1.038,0.9781,1.002,74869.97,USD Coin
2019-09-26,1.002,1.051,0.9623,1.002,80546.04,USD Coin
2019-09-27,1.002,1.014,0.9628,1.001,48426.6,USD Coin
2019-09-28,1.001,1.015,0.9784,1.0,29807.92,USD Coin
2019-09-29,1.0,1.026,0.9861,1.001,28087.95,USD Coin
2019-09-30,1.001,1.008,0.9317,1.001,50502.36,USD Coin
2019-10-01,1.001,1.026,0.9871,1.001,42407.32,USD Coin
2019-10-02,1.001,1.002,0.9763,1.001,24805.25,USD Coin
2019-10-03,1.001,1.024,0.9844,1.002,30484.15,USD Coin
2019-10-04,1.002,1.014,0.9837,1.002,26313.36,USD Coin
2019-10-05,1.002,1.01,0.9879,1.003,17417.9,USD Coin
2019-10-06,1.003,1.045,0.9944,1.0,30033.51,USD Coin
2019-10-07,1.0,1.014,0.9499,1.001,39680.14,USD Coin
2019-10-08,1.001,1.02,0.9925,1.0,21070.06,USD Coin
2019-10-09,1.0,1.013,0.9472,1.001,47137.85,USD Coin
2019-10-10,1.001,1.01,0.9862,1.001,29226.99,USD Coin
2019-10-11,1.001,1.069,0.9992,1.001,38668.38,USD Coin
2019-10-12,1.001,1.016,0.9962,1.002,11054.33,USD Coin
2019-10-13,1.002,1.026,0.9888,1.001,20213.26,USD Coin
2019-10-14,1.001,1.007,0.9851,1.001,17532.14,USD Coin
2019-10-15,1.001,1.034,0.9946,1.002,24936.7,USD Coin
2019-10-16,1.002,1.024,0.9932,1.002,34165.12,USD Coin
2019-10-17,1.002,1.009,0.9847,1.001,21684.76,USD Coin
2019-10-18,1.001,1.026,0.9871,1.002,27800.05,USD Coin
2019-10-19,1.002,1.019,0.9949,1.002,17906.74,USD Coin
2019-10-20,1.002,1.013,0.9622,1.003,25365.31,USD Coin
2019-10-21,1.003,1.017,0.9944,1.0,22831.82,USD Coin
2019-10-22,1.0,1.036,0.9991,1.001,24472.43,USD Coin
2019-10-23,1.001,1.08,0.9812,1.0,60142.97,USD Coin
2019-10-24,1.0,1.013,0.9924,1.002,28647.68,USD Coin
2019-10-25,1.002,1.013,0.8569,0.9999,79768.24,USD Coin
2019-10-26,0.9999,1.121,0.9348,1.0,154664.66,USD Coin
2019-10-27,1.0,1.026,0.9536,0.9992,64620.49,USD Coin
2019-10-28,0.9992,1.078,0.9981,1.0,54929.41,USD Coin
2019-10-29,1.0,1.015,0.9652,1.001,40306.64,USD Coin
2019-10-30,1.001,1.031,0.9844,1.001,34407.27,USD Coin
2019-10-31,1.001,1.03,0.9804,1.001,35915.9,USD Coin
2019-11-01,1.001,1.007,0.9814,1.002,27412.34,USD Coin
2019-11-02,1.002,1.011,0.9917,1.001,17156.88,USD Coin
2019-11-03,1.001,1.021,0.99,1.002,15707.07,USD Coin
2019-11-04,1.002,1.018,0.9715,1.001,29474.41,USD Coin
2019-11-05,1.001,1.02,0.9879,1.002,25009.1,USD Coin
2019-11-06,1.002,1.013,0.9927,1.001,22360.79,USD Coin
2019-11-07,1.001,1.019,0.9901,1.0,21330.34,USD Coin
2019-11-08,1.0,1.057,0.9903,1.001,41698.11,USD Coin
2019-11-09,1.001,1.008,0.9916,1.002,13168.78,USD Coin
2019-11-10,1.002,1.011,0.9714,1.002,18173.37,USD Coin
2019-11-11,1.002,1.042,0.9886,1.001,25770.93,USD Coin
2019-11-12,1.001,1.007,0.9741,1.001,22333.18,USD Coin
2019-11-13,1.001,1.009,0.9954,1.001,15850.52,USD Coin
2019-11-14,1.001,1.021,0.9944,1.001,19016.36,USD Coin
2019-11-15,1.001,1.037,0.9923,1.001,31318.97,USD Coin
2019-11-16,1.001,1.007,0.9955,1.002,9375.56,USD Coin
2019-11-17,1.002,1.017,0.9896,1.002,14323.18,USD Coin
2019-11-18,1.002,1.044,0.9879,1.002,30104.34,USD Coin
2019-11-19,1.002,1.012,0.9875,1.002,24448.38,USD Coin
2019-11-20,1.002,1.019,0.9962,1.002,18139.31,USD Coin
2019-11-21,1.002,1.068,0.9763,1.002,45850.91,USD Coin
2019-11-22,1.002,1.061,0.936,1.002,94213.24,USD Coin
2019-11-23,1.002,1.007,0.9728,1.003,25547.79,USD Coin
2019-11-24,1.003,1.066,0.9971,1.003,35214.64,USD Coin
2019-11-25,1.003,1.036,0.9206,1.002,85890.04,USD Coin
2019-11-26,1.002,1.026,0.9832,1.001,36302.87,USD Coin
2019-11-27,1.001,1.022,0.9142,1.002,66525.02,USD Coin
2019-11-28,1.002,1.031,0.9942,1.001,29928.97,USD Coin
2019-11-29,1.001,1.016,0.9585,1.003,37351.23,USD Coin
2019-11-30,1.003,1.035,0.991,1.002,24833.21,USD Coin
2019-12-01,1.002,1.023,0.9808,1.002,30746.13,USD Coin
2019-12-02,1.002,1.017,0.9831,1.001,25176.55,USD Coin
2019-12-03,1.001,1.017,0.9949,1.002,18560.51,USD Coin
2019-12-04,1.002,1.08,0.9888,1.002,49158.12,USD Coin
2019-12-05,1.002,1.014,0.9709,1.002,30119.99,USD Coin
2019-12-06,1.002,1.009,0.9713,1.002,28237.41,USD Coin
2019-12-07,1.002,1.019,1.001,1.003,14129.69,USD Coin
2019-12-08,1.003,1.01,0.9864,1.003,15997.19,USD Coin
2019-12-09,1.003,1.043,0.9925,0.9999,35085.85,USD Coin
2019-12-10,0.9999,1.025,0.9937,1.002,23386.29,USD Coin
2019-12-11,1.002,1.012,0.9952,1.001,19829.06,USD Coin
2019-12-12,1.001,1.016,0.9879,1.001,28030.19,USD Coin
2019-12-13,1.001,1.008,0.993,1.002,18754.99,USD Coin
2019-12-14,1.002,1.031,0.9958,1.003,15663.37,USD Coin
2019-12-15,1.003,1.013,0.9885,1.003,16018.02,USD Coin
2019-12-16,1.003,1.043,0.9986,1.003,39726.71,USD Coin
2019-12-17,1.003,1.05,0.9955,1.003,46166.83,USD Coin
2019-12-18,1.003,1.022,0.8862,1.002,71726.88,USD Coin
2019-12-19,1.002,1.032,0.9876,1.002,34861.87,USD Coin
2019-12-20,1.002,1.006,0.9869,1.002,23606.88,USD Coin
2019-12-21,1.002,1.01,0.999,1.003,12133.85,USD Coin
2019-12-22,1.003,1.002,0.9511,1.001,27350.15,USD Coin
2019-12-23,1.001,1.051,0.9938,1.001,44805.05,USD Coin
2019-12-24,1.001,1.023,0.9882,0.9999,27768.53,USD Coin
2019-12-25,0.9999,1.012,0.9912,1.001,15027.73,USD Coin
2019-12-26,1.001,1.035,0.9966,1.002,23304.58,USD Coin
2019-12-27,1.002,1.004,0.9759,1.002,25551.8,USD Coin
2019-12-28,1.002,1.009,0.9938,1.002,14577.34,USD Coin
2019-12-29,1.002,1.022,0.9883,1.002,18274.53,USD Coin
2019-12-30,1.002,1.027,1.001,1.002,23080.72,USD Coin
2019-12-31,1.002,1.022,0.9963,1.002,19465.72,USD Coin
2020-01-01,1.002,1.013,0.9999,1.002,11900.57,USD Coin
2020-01-02,1.002,1.041,1.001,1.003,26620.71,USD Coin
2020-01-03,1.003,1.012,0.9401,1.003,52108.05,USD Coin
2020-01-04,1.003,1.007,0.9901,1.001,22102.92,USD Coin
2020-01-05,1.001,1.02,0.9968,1.001,24105.98,USD Coin
2020-01-06,1.001,1.005,0.9481,1.001,46472.04,USD Coin
2020-01-07,1.001,1.007,0.9479,0.9998,75408.69,USD Coin
2020-01-08,0.9998,1.053,0.9799,1.001,85186.49,USD Coin
2020-01-09,1.001,1.03,0.993,1.001,40073.68,USD Coin
2020-01-10,1.001,1.001,0.9385,1.001,55565.77,USD Coin
2020-01-11,1.001,1.033,0.9977,1.0,30743.29,USD Coin
2020-01-12,1.0,1.0,0.974,1.0,17525.59,USD Coin
2020-01-13,1.0,1.012,0.9948,1.001,22766.39,USD Coin
2020-01-14,1.001,1.005,0.9182,0.9992,89371.53,USD Coin
2020-01-15,0.9992,1.008,0.971,0.9997,50378.67,USD Coin
2020-01-16,0.9997,1.014,0.9846,0.9999,33535.36,USD Coin
2020-01-17,0.9999,1.012,0.9738,0.9995,48763.99,USD Coin
2020-01-18,0.9995,1.008,0.9888,1.0,19877.92,USD Coin
2020-01-19,1.0,1.055,0.9778,1.0,47757.65,USD Coin
2020-01-20,1.0,1.013,0.988,1.001,21911.31,USD Coin
2020-01-21,1.001,1.006,0.9722,1.0,22736.79,USD Coin
2020-01-22,1.0,1.015,0.9911,1.001,17293.47,USD Coin
2020-01-23,1.001,1.035,0.988,1.0,38361.7,USD Coin
2020-01-24,1.0,1.011,0.9761,1.001,27826.41,USD Coin
2020-01-25,1.001,1.015,0.9929,1.003,14337.57,USD Coin
2020-01-26,1.003,1.002,0.9664,1.001,22473.67,USD Coin
2020-01-27,1.001,1.011,0.9638,1.001,37544.03,USD Coin
2020-01-28,1.001,1.002,0.9476,1.001,51894.69,USD Coin
2020-01-29,1.001,1.016,0.9946,1.0,36984.71,USD Coin
2020-01-30,1.0,1.006,0.9662,0.9999,45846.85,USD Coin
2020-01-31,0.9999,1.02,0.9865,1.001,31360.17,USD Coin
2020-02-01,1.001,1.009,0.9917,1.001,14793.67,USD Coin
2020-02-02,1.001,1.015,0.9833,1.001,24082.33,USD Coin
2020-02-03,1.001,1.035,0.9943,1.001,33381.3,USD Coin
2020-02-04,1.001,1.02,0.9918,1.001,26634.96,USD Coin
2020-02-05,1.001,1.015,0.9535,1.0,47156.34,USD Coin
2020-02-06,1.0,1.01,0.9776,1.0,42280.05,USD Coin
2020-02-07,1.0,1.006,0.9907,1.0,25558.17,USD Coin
2020-02-08,1.0,1.003,0.9757,0.9992,24870.09,USD Coin
2020-02-09,0.9992,0.9998,0.9721,0.9993,33806.41,USD Coin
2020-02-10,0.9993,1.034,0.9911,1.001,40980.98,USD Coin
2020-02-11,1.001,1.008,0.9449,0.9986,49173.79,USD Coin
2020-02-12,0.9986,1.013,0.9909,1.0,43499.91,USD Coin
2020-02-13,1.0,1.026,0.9847,0.9996,49370.66,USD Coin
2020-02-14,0.9996,1.002,0.9748,0.9996,28973.39,USD Coin
2020-02-15,0.9996,1.048,0.9879,0.9995,29865.22,USD Coin
2020-02-16,0.9995,1.006,0.9652,0.9944,27425.52,USD Coin
2020-02-17,0.9944,1.027,0.9783,1.001,37192.54,USD Coin
2020-02-18,1.001,1.009,0.9444,0.9998,38541.72,USD Coin
2020-02-19,0.9998,1.073,0.9732,1.001,47531.18,USD Coin
2020-02-20,1.001,1.01,0.9787,1.0,36849.45,USD Coin
2020-02-21,1.0,1.008,0.9886,1.001,30302.46,USD Coin
2020-02-22,1.001,1.005,0.9907,1.0,12210.93,USD Coin
2020-02-23,1.0,1.002,0.9681,0.9989,23034.1,USD Coin
2020-02-24,0.9989,1.038,0.9836,1.001,34079.8,USD Coin
2020-02-25,1.001,1.04,0.9948,1.001,34862.59,USD Coin
2020-02-26,1.001,1.068,0.985,1.001,65514.03,USD Coin
2020-02-27,1.001,1.019,0.9693,1.001,47059.8,USD Coin
2020-02-28,1.001,1.023,0.9702,1.001,41651.8,USD Coin
2020-02-29,1.001,1.033,1.001,1.001,16823.36,USD Coin
2020-03-01,1.001,1.028,0.9891,1.001,25588.29,USD Coin
2020-03-02,1.001,1.008,0.9558,1.0,33017.89,USD Coin
2020-03-03,1.0,1.021,0.991,1.001,28669.04,USD Coin
2020-03-04,1.001,1.013,0.9927,1.002,22164.55,USD Coin
2020-03-05,1.002,1.012,0.9667,1.0,33761.34,USD Coin
2020-03-06,1.0,1.003,0.9845,1.0,21098.0,USD Coin
2020-03-07,1.0,1.037,0.9984,1.001,20689.78,USD Coin
2020-03-08,1.001,1.111,1.0,1.003,63430.89,USD Coin
2020-03-09,1.003,1.033,0.9655,1.001,86769.37,USD Coin
2020-03-10,1.001,1.036,0.9842,1.002,53729.86,USD Coin
2020-03-11,1.002,1.008,0.9598,1.001,47665.76,USD Coin
2020-03-12,1.001,1.643,0.9745,1.012,289568.6,USD Coin
2020-03-13,1.012,1.063,0.7017,1.001,319614.45,USD Coin
2020-03-14,1.001,1.096,0.9808,1.003,88202.62,USD Coin
2020-03-15,1.003,1.114,0.9556,1.001,105269.11,USD Coin
2020-03-16,1.001,1.066,0.8854,1.003,203691.8,USD Coin
2020-03-17,1.003,1.037,0.923,0.9951,115743.11,USD Coin
2020-03-18,0.9951,1.011,0.9318,1.004,109633.24,USD Coin
2020-03-19,1.004,1.039,0.8523,1.001,147099.52,USD Coin
2020-03-20,1.001,1.113,0.9142,0.9969,147776.47,USD Coin
2020-03-21,0.9969,1.044,0.95,1.002,67367.33,USD Coin
2020-03-22,1.002,1.101,0.9872,1.0,75486.73,USD Coin
2020-03-23,1.0,1.017,0.8771,1.0,107708.23,USD Coin
2020-03-24,1.0,1.014,0.9469,1.0,105174.54,USD Coin
2020-03-25,1.0,1.041,0.9671,0.9986,84602.87,USD Coin
2020-03-26,0.9986,1.005,0.9673,0.9996,45184.24,USD Coin
2020-03-27,0.9996,1.08,0.9915,1.003,57278.6,USD Coin
2020-03-28,1.003,1.021,0.9673,0.9995,60781.01,USD Coin
2020-03-29,0.9995,1.067,0.9987,0.9987,47172.86,USD Coin
2020-03-30,0.9987,1.034,0.9181,1.001,70670.26,USD Coin
2020-03-31,1.001,1.016,0.9877,0.9991,36135.9,USD Coin
2020-04-01,0.9991,1.006,0.9243,0.9986,59142.87,USD Coin
2020-04-02,0.9986,1.064,0.9675,0.9996,93025.55,USD Coin
2020-04-03,0.9996,1.045,0.982,1.001,55608.83,USD Coin
2020-04-04,1.001,1.02,0.9708,1.001,33796.96,USD Coin
2020-04-05,1.001,1.019,0.9866,1.0,26783.8,USD Coin
2020-04-06,1.0,1.003,0.9242,1.002,78796.29,USD Coin
2020-04-07,1.002,1.036,0.9836,0.9999,70638.25,USD Coin
2020-04-08,0.9999,1.008,0.9717,1.0,60961.13,USD Coin
2020-04-09,1.0,1.01,0.9763,0.9995,44050.07,USD Coin
2020-04-10,0.9995,1.063,0.9831,1.0,63378.24,USD Coin
2020-04-11,1.0,1.009,0.9847,0.9995,24904.63,USD Coin
2020-04-12,0.9995,1.04,0.9821,0.9983,42308.72,USD Coin
2020-04-13,0.9983,1.009,0.9646,1.001,63133.28,USD Coin
2020-04-14,1.001,1.016,0.9855,1.001,44667.77,USD Coin
2020-04-15,1.001,1.048,0.999,1.001,49769.17,USD Coin
2020-04-16,1.001,1.013,0.9122,1.0,98856.18,USD Coin
2020-04-17,1.0,1.017,0.9961,1.001,45865.32,USD Coin
2020-04-18,1.001,1.006,0.9677,1.0,35926.96,USD Coin
2020-04-19,1.0,1.021,0.992,1.0,29508.39,USD Coin
2020-04-20,1.0,1.057,0.9901,1.001,64749.39,USD Coin
2020-04-21,1.001,1.014,0.9891,1.0,44538.47,USD Coin
2020-04-22,1.0,1.005,0.9578,1.0,43798.03,USD Coin
2020-04-23,1.0,1.034,0.9413,1.001,81201.42,USD Coin
2020-04-24,1.001,1.013,0.9869,1.0,51751.8,USD Coin
2020-04-25,1.0,1.021,0.9866,0.9999,30163.68,USD Coin
2020-04-26,0.9999,1.0,0.9734,0.9999,33087.24,USD Coin
2020-04-27,0.9999,1.0,0.9807,0.9997,48534.26,USD Coin
2020-04-28,0.9997,1.003,0.9878,0.9993,38480.49,USD Coin
2020-04-29,0.9993,1.019,0.8804,1.0,158002.47,USD Coin
2020-04-30,1.0,1.096,0.9754,1.001,161425.76,USD Coin
2020-05-01,1.001,1.027,0.9779,1.0,70427.97,USD Coin
2020-05-02,1.0,1.004,0.9763,1.0,36138.17,USD Coin
2020-05-03,1.0,1.033,0.9813,1.001,59507.58,USD Coin
2020-05-04,1.001,1.009,0.9607,0.9994,64798.46,USD Coin
2020-05-05,0.9994,1.009,0.972,0.9994,60151.79,USD Coin
2020-05-06,0.9994,1.028,0.9752,1.0,88935.18,USD Coin
2020-05-07,1.0,1.007,0.9045,1.0,126025.18,USD Coin
2020-05-08,1.0,1.023,0.9911,0.9992,91463.37,USD Coin
2020-05-09,0.9992,1.038,0.9976,0.9992,59769.34,USD Coin
2020-05-10,0.9992,1.092,0.9399,0.9978,133308.76,USD Coin
2020-05-11,0.9978,1.068,0.9593,0.9989,144742.19,USD Coin
2020-05-12,0.9989,1.018,0.969,1.001,66117.5,USD Coin
2020-05-13,1.001,1.01,0.9458,1.001,68285.95,USD Coin
2020-05-14,1.001,1.015,0.946,1.0,97188.48,USD Coin
2020-05-15,1.0,1.058,0.9834,1.001,84354.72,USD Coin
2020-05-16,1.001,1.021,0.983,1.0,37035.83,USD Coin
2020-05-17,1.0,1.022,0.965,0.9997,52257.37,USD Coin
2020-05-18,0.9997,1.023,0.9745,0.9998,62314.88,USD Coin
2020-05-19,0.9998,1.012,0.9688,1.0,60742.11,USD Coin
2020-05-20,1.0,1.033,0.9798,0.9993,61849.33,USD Coin
2020-05-21,0.9993,1.056,0.9726,0.9999,87111.3,USD Coin
2020-05-22,0.9999,1.011,0.9748,1.0,44417.13,USD Coin
2020-05-23,1.0,1.014,0.9916,1.001,23656.36,USD Coin
2020-05-24,1.001,1.067,0.998,0.9993,45705.84,USD Coin
2020-05-25,0.9993,1.009,0.9712,1.001,43925.11,USD Coin
2020-05-26,1.001,1.019,0.9843,1.0,39856.93,USD Coin
2020-05-27,1.0,1.002,0.9588,1.001,42046.48,USD Coin
2020-05-28,1.001,1.005,0.9518,1.001,56659.1,USD Coin
2020-05-29,1.001,1.019,0.9916,1.0,40185.49,USD Coin
2020-05-30,1.0,1.004,0.9632,1.0,24646.05,USD Coin
2020-05-31,1.0,1.026,0.9939,0.9992,22225.07,USD Coin
2020-06-01,0.9992,1.016,0.9239,1.001,44544.4,USD Coin
2020-06-02,1.001,1.074,0.9808,0.9996,82573.62,USD Coin
2020-06-03,0.9996,1.0,0.9737,1.0,33126.9,USD Coin
2020-06-04,1.0,1.009,0.9673,1.0,43093.83,USD Coin
2020-06-05,1.0,1.024,0.9991,1.0,41813.51,USD Coin
2020-06-06,1.0,1.006,0.9862,1.0,22984.58,USD Coin
2020-06-07,1.0,1.005,0.9649,0.9998,39011.47,USD Coin
2020-06-08,0.9998,1.002,0.9873,1.0,32764.74,USD Coin
2020-06-09,1.0,1.011,0.9822,1.0,38760.58,USD Coin
2020-06-10,1.0,1.01,0.9816,1.0,40211.55,USD Coin
2020-06-11,1.0,1.075,0.9805,0.9993,86659.43,USD Coin
2020-06-12,0.9993,1.009,0.9762,1.0,40823.14,USD Coin
2020-06-13,1.0,1.002,0.9888,1.001,16606.19,USD Coin
2020-06-14,1.001,1.016,0.9912,1.0,19335.53,USD Coin
2020-06-15,1.0,1.007,0.9449,1.0,66879.79,USD Coin
2020-06-16,1.0,1.006,0.9851,1.0,39892.47,USD Coin
2020-06-17,1.0,1.01,0.978,1.001,34545.0,USD Coin
2020-06-18,1.001,1.011,0.9895,1.001,25158.77,USD Coin
2020-06-19,1.001,1.014,0.9943,1.001,31701.19,USD Coin
2020-06-20,1.001,1.004,0.9811,1.0,19614.68,USD Coin
2020-06-21,1.0,1.014,0.9999,1.001,13212.36,USD Coin
2020-06-22,1.001,1.008,0.9578,0.9999,41267.09,USD Coin
2020-06-23,0.9999,1.01,0.9956,1.0,30729.14,USD Coin
2020-06-24,1.0,1.04,0.9909,1.0,49198.75,USD Coin
2020-06-25,1.0,1.01,0.9737,0.9998,47286.22,USD Coin
2020-06-26,0.9998,1.015,0.988,1.001,40550.2,USD Coin
2020-06-27,1.001,1.021,0.9847,1.0,28159.35,USD Coin
2020-06-28,1.0,1.007,0.9801,0.9992,19760.99,USD Coin
2020-06-29,0.9992,1.006,0.9833,1.001,31144.99,USD Coin
2020-06-30,1.001,1.007,0.9923,0.9997,23370.11,USD Coin
2020-07-01,0.9997,1.007,0.9851,1.0,29860.43,USD Coin
2020-07-02,1.0,1.02,0.9854,1.001,37678.33,USD Coin
2020-07-03,1.001,1.007,0.9985,1.001,21820.6,USD Coin
2020-07-04,1.001,1.006,0.9908,1.001,16194.87,USD Coin
2020-07-05,1.001,1.007,0.9828,0.9988,17526.99,USD Coin
2020-07-06,0.9988,1.003,0.9708,1.001,36870.97,USD Coin
2020-07-07,1.001,1.014,0.9952,1.0,25849.84,USD Coin
2020-07-08,1.0,1.003,0.9785,1.0,37420.64,USD Coin
2020-07-09,1.0,1.023,0.9932,1.001,30194.24,USD Coin
2020-07-10,1.001,1.003,0.983,1.0,24426.89,USD Coin
2020-07-11,1.0,1.007,0.9949,1.0,11787.76,USD Coin
2020-07-12,1.0,1.004,0.9861,1.0,16389.46,USD Coin
2020-07-13,1.0,1.011,0.9966,1.001,25886.4,USD Coin
2020-07-14,1.001,1.003,0.9843,1.0,25868.32,USD Coin
2020-07-15,1.0,1.009,0.9971,1.001,23495.43,USD Coin
2020-07-16,1.001,1.01,0.9892,1.001,27899.05,USD Coin
2020-07-17,1.001,1.008,0.9954,1.0,183148.2,USD Coin
2020-07-18,1.0,1.003,0.9946,1.0,11955.28,USD Coin
2020-07-19,1.0,1.003,0.989,1.0,12800.18,USD Coin
2020-07-20,1.0,1.007,0.9972,1.0,18734.38,USD Coin
2020-07-21,1.0,1.004,0.9753,0.9999,34500.83,USD Coin
2020-07-22,0.9999,1.001,0.9737,0.9997,29948.8,USD Coin
2020-07-23,0.9997,1.006,0.9839,1.0,43471.31,USD Coin
2020-07-24,1.0,1.01,0.9925,1.0,33815.95,USD Coin
2020-07-25,1.0,1.004,0.9822,0.9998,24206.86,USD Coin
2020-07-26,0.9998,1.02,0.9718,1.0,42171.02,USD Coin
2020-07-27,1.0,1.032,0.8999,1.0,128860.81,USD Coin
2020-07-28,1.0,1.029,0.9686,0.9999,85471.82,USD Coin
2020-07-29,0.9999,1.021,0.9767,0.9999,61945.19,USD Coin
2020-07-30,0.9999,1.006,0.9784,0.9999,45649.8,USD Coin
2020-07-31,0.9999,1.009,0.9671,0.9998,54096.24,USD Coin
2020-08-01,0.9998,1.004,0.9508,0.9991,63691.0,USD Coin
2020-08-02,0.9991,1.094,0.9668,1.0,63515.68,USD Coin
2020-08-03,1.0,1.022,0.9745,1.0,42070.89,USD Coin
2020-08-04,1.0,1.02,0.9844,0.9999,35048.84,USD Coin
2020-08-05,0.9999,1.003,0.9437,0.9996,48125.94,USD Coin
2020-08-06,0.9996,1.012,0.9836,1.0,49920.3,USD Coin
2020-08-07,1.0,1.026,0.978,0.9998,55855.63,USD Coin
2020-08-08,0.9998,1.003,0.98,1.0,23238.58,USD Coin
2020-08-09,1.0,1.01,0.9871,1.0,19876.68,USD Coin
2020-08-10,1.0,1.015,0.9783,0.9999,56098.24,USD Coin
2020-08-11,0.9999,1.048,0.978,1.0,62675.41,USD Coin
2020-08-12,1.0,1.004,0.9666,1.0,37572.53,USD Coin
2020-08-13,1.0,1.0,0.9571,1.0,42206.3,USD Coin
2020-08-14,1.0,1.008,0.9901,1.0,37250.25,USD Coin
2020-08-15,1.0,1.01,0.9861,0.9999,31090.42,USD Coin
2020-08-16,0.9999,1.001,0.9818,1.0,22028.64,USD Coin
2020-08-17,1.0,1.015,0.9581,1.001,56111.81,USD Coin
2020-08-18,1.001,1.037,0.9916,1.0,49909.61,USD Coin
2020-08-19,1.0,1.023,0.9863,1.001,50126.45,USD Coin
2020-08-20,1.001,1.002,0.9843,0.9998,43202.26,USD Coin
2020-08-21,0.9998,1.031,0.9975,1.0,63567.35,USD Coin
2020-08-22,1.0,1.001,0.9749,0.9999,49532.51,USD Coin
2020-08-23,0.9999,1.005,0.9888,0.9999,33402.44,USD Coin
2020-08-24,0.9999,1.006,0.9862,1.0,39119.07,USD Coin
2020-08-25,1.0,1.039,0.9823,1.0,50834.38,USD Coin
2020-08-26,1.0,1.007,0.9821,1.0,27174.31,USD Coin
2020-08-27,1.0,1.023,0.9832,1.0,40997.36,USD Coin
2020-08-28,1.0,1.002,0.9787,1.0,30817.26,USD Coin
2020-08-29,1.0,1.01,0.9965,1.001,16315.11,USD Coin
2020-08-30,1.001,1.0,0.9791,1.0,16401.76,USD Coin
2020-08-31,1.0,1.01,0.9942,1.0,26339.19,USD Coin
2020-09-01,1.0,1.011,0.9676,1.0,45202.59,USD Coin
2020-09-02,1.0,1.049,0.9842,0.9998,53709.62,USD Coin
2020-09-03,0.9998,1.128,0.9855,1.001,82740.88,USD Coin
2020-09-04,1.001,1.017,0.9582,1.001,54256.75,USD Coin
2020-09-05,1.001,1.177,0.9272,0.9997,1499285.95,USD Coin
2020-09-06,0.9997,1.022,0.8988,1.001,959250.34,USD Coin
2020-09-07,1.001,1.004,0.9539,1.001,41676.48,USD Coin
2020-09-08,1.001,1.032,0.9736,1.001,54798.3,USD Coin
2020-09-09,1.001,1.012,0.9771,1.001,34001.3,USD Coin
2020-09-10,0.9996,1.026,0.9522,1.0,674918.43,USD Coin
2020-09-11,1.0,1.001,0.9825,1.0,25803.26,USD Coin
2020-09-12,1.0,1.004,0.9844,1.0,17709.27,USD Coin
2020-09-13,1.0,1.024,0.99,1.0,28917.72,USD Coin
2020-09-14,1.0,1.007,0.9611,1.0,34042.96,USD Coin
2020-09-15,1.0,1.014,0.9857,1.0,34226.48,USD Coin
2020-09-16,1.0,1.012,0.9737,0.9999,34090.74,USD Coin
2020-09-17,1.001,1.012,0.9336,1.0,531414.79,USD Coin
2020-09-18,1.001,1.01,0.9901,1.001,22786.19,USD Coin
2020-09-19,1.001,1.009,0.9838,1.001,17500.82,USD Coin
2020-09-20,1.001,1.015,0.9871,1.001,21802.69,USD Coin
2020-09-21,1.001,1.056,0.9914,1.001,44943.76,USD Coin
2020-09-22,1.001,1.004,0.9844,1.0,28776.3,USD Coin
2020-09-23,1.0,1.031,0.994,1.001,26707.56,USD Coin
2020-09-24,1.001,1.005,0.9513,1.001,29036.97,USD Coin
2020-09-25,1.001,1.007,0.9879,1.0,33852.5,USD Coin
2020-09-26,1.0,1.009,0.9933,1.0,13800.18,USD Coin
2020-09-27,1.0,1.003,0.9847,1.0,13825.4,USD Coin
2020-09-28,1.0,1.024,0.9959,1.001,32285.75,USD Coin
2020-09-29,1.001,1.002,0.9817,1.0,31173.32,USD Coin
2020-09-30,1.0,1.007,0.9898,1.0,29566.02,USD Coin
2020-10-01,1.0,1.029,0.9848,1.001,39481.64,USD Coin
2020-10-02,1.001,1.009,0.9824,1.0,33805.63,USD Coin
2020-10-03,1.0,1.005,0.996,1.0,10472.5,USD Coin
2020-10-04,1.0,1.002,0.987,1.0,10489.52,USD Coin
2020-10-05,1.0,1.001,0.9851,1.001,23905.19,USD Coin
2020-10-06,1.001,1.019,0.9937,1.0,30879.29,USD Coin
2020-10-07,1.0,1.0,0.9887,0.9998,19598.05,USD Coin
2020-10-08,0.9998,1.003,0.9649,1.0,39298.12,USD Coin
2020-10-09,1.0,1.005,0.9803,1.0,32671.55,USD Coin
2020-10-10,1.0,1.016,0.9783,0.9998,26177.66,USD Coin
2020-10-11,0.9998,1.005,0.9921,1.0,17797.31,USD Coin
2020-10-12,1.0,1.016,0.9725,0.9998,41698.69,USD Coin
2020-10-13,0.9998,1.012,0.9903,1.0,33534.03,USD Coin
2020-10-14,1.0,1.011,0.9892,1.001,22773.22,USD Coin
2020-10-15,1.001,1.009,0.9795,1.0,33053.59,USD Coin
2020-10-16,1.0,1.019,0.9911,1.0,29302.28,USD Coin
2020-10-17,1.0,1.004,0.9914,0.9999,9900.7,USD Coin
2020-10-18,0.9999,1.0,0.9867,1.0,11531.75,USD Coin
2020-10-19,1.0,1.006,0.9713,1.0,39231.88,USD Coin
2020-10-20,1.0,1.01,0.9803,0.9999,48500.3,USD Coin
2020-10-21,0.9999,1.032,0.9282,0.9993,103011.12,USD Coin
2020-10-22,0.9993,1.016,0.978,1.0,57143.41,USD Coin
2020-10-23,1.0,1.007,0.9839,0.9997,32259.14,USD Coin
2020-10-24,0.9997,1.003,0.9817,1.0,20931.81,USD Coin
2020-10-25,1.0,1.023,0.9899,0.9999,28205.65,USD Coin
2020-10-26,0.9999,1.013,0.9787,0.9995,35304.81,USD Coin
2020-10-27,0.9995,1.01,0.9567,0.9996,44961.4,USD Coin
2020-10-28,0.9996,1.043,0.9717,1.0,32512.02,USD Coin
2020-10-29,1.0,1.014,0.9647,1.0,41500.31,USD Coin
2020-10-30,1.0,1.008,0.9681,1.0,56366.04,USD Coin
2020-10-31,1.0,1.02,0.9731,1.0,43578.38,USD Coin
2020-11-01,1.0,1.01,0.9907,1.0,20847.92,USD Coin
2020-11-02,1.0,1.019,0.9742,0.9999,33462.21,USD Coin
2020-11-03,0.9999,1.004,0.9487,1.0,21974.46,USD Coin
2020-11-04,1.0,1.008,0.957,1.001,30429.06,USD Coin
2020-11-05,1.001,1.009,0.905,1.0,42130.78,USD Coin
2020-11-06,1.0,1.023,0.976,0.9998,34535.12,USD Coin
2020-11-07,0.9998,1.062,0.9721,0.9998,25690.63,USD Coin
2020-11-08,0.9998,1.011,0.9515,0.9999,18704.67,USD Coin
2020-11-09,0.9999,1.031,0.9676,1.0,32099.47,USD Coin
2020-11-10,1.0,1.011,0.986,1.0,23031.74,USD Coin
2020-11-11,1.0,1.018,0.9736,1.0,45864.25,USD Coin
2020-11-12,1.0,1.002,0.9489,0.9998,67307.92,USD Coin
2020-11-13,0.9998,1.009,0.9778,0.9997,42662.59,USD Coin
2020-11-14,0.9997,1.016,0.9774,0.9995,28316.96,USD Coin
2020-11-15,0.9995,1.012,0.9895,1.0,17967.71,USD Coin
2020-11-16,1.0,1.01,0.9503,1.001,41674.37,USD Coin
2020-11-17,1.001,1.011,0.9375,1.001,62168.49,USD Coin
2020-11-18,1.001,1.038,0.9701,0.9996,80658.36,USD Coin
2020-11-19,0.9996,1.02,0.9744,1.0,48235.55,USD Coin
2020-11-20,1.0,1.007,0.9511,0.9997,51109.41,USD Coin
2020-11-21,0.9997,1.014,0.9816,1.0,37703.66,USD Coin
2020-11-22,1.0,1.017,0.956,0.9991,43426.66,USD Coin
2020-11-23,0.9991,1.02,0.9791,0.9995,48971.85,USD Coin
2020-11-24,0.9995,1.014,0.9458,1.0,74145.59,USD Coin
2020-11-25,1.0,1.04,0.9886,0.9996,59962.81,USD Coin
2020-11-26,0.9996,1.101,0.9478,1.001,129682.8,USD Coin
2020-11-27,1.001,1.02,0.9608,1.001,61127.26,USD Coin
2020-11-28,1.001,1.009,0.9524,1.0,34699.03,USD Coin
2020-11-29,1.0,1.009,0.9643,1.0,27171.79,USD Coin
2020-11-30,1.0,1.008,0.9243,0.9999,77973.7,USD Coin
2020-12-01,0.9999,1.061,0.9691,1.001,91190.53,USD Coin
2020-12-02,1.001,1.006,0.9542,0.9998,47778.71,USD Coin
2020-12-03,0.9998,1.008,0.9714,1.0,38709.22,USD Coin
2020-12-04,1.0,1.047,0.9967,0.9999,42231.54,USD Coin
2020-12-05,0.9999,1.001,0.9664,0.9999,20514.61,USD Coin
2020-12-06,0.9999,1.002,0.9746,1.0,21173.85,USD Coin
2020-12-07,1.0,1.012,0.986,1.0,24911.77,USD Coin
2020-12-08,1.0,1.053,0.9948,1.0,46153.56,USD Coin
2020-12-09,1.0,1.005,0.9524,0.9999,57989.95,USD Coin
2020-12-10,0.9999,1.017,0.9823,1.0,37513.64,USD Coin
2020-12-11,1.0,1.015,0.976,1.0,45176.44,USD Coin
2020-12-12,1.0,1.008,0.9589,1.001,26163.93,USD Coin
2020-12-13,1.001,1.013,0.9772,0.9999,30901.07,USD Coin
2020-12-14,0.9999,1.004,0.986,1.0,23832.75,USD Coin
2020-12-15,1.0,1.006,0.9807,1.0,42348.13,USD Coin
2020-12-16,1.0,1.007,0.9031,0.9991,95290.08,USD Coin
2020-12-17,0.9991,1.036,0.9287,0.9979,140181.55,USD Coin
2020-12-18,0.9979,1.005,0.9653,0.9994,59623.79,USD Coin
2020-12-19,0.9994,1.011,0.9541,0.9998,53899.29,USD Coin
2020-12-20,0.9998,1.033,0.9834,0.9992,42949.19,USD Coin
2020-12-21,0.9992,1.06,0.9688,1.0,75939.93,USD Coin
2020-12-22,1.0,1.001,0.9396,1.0,49699.56,USD Coin
2020-12-23,1.0,1.036,0.9742,1.0,66159.49,USD Coin
2020-12-24,1.0,1.002,0.9575,1.0,39803.68,USD Coin
2020-12-25,1.0,1.003,0.9479,1.0,49663.93,USD Coin
2020-12-26,1.0,1.012,0.9257,0.9995,62888.81,USD Coin
2020-12-27,0.9995,1.08,0.9836,1.001,91100.47,USD Coin
2020-12-28,1.001,1.015,0.9645,0.9998,52016.12,USD Coin
2020-12-29,0.9998,1.001,0.9453,1.0,55477.96,USD Coin
2020-12-30,1.0,1.004,0.9477,1.001,70803.66,USD Coin
2020-12-31,1.001,1.012,0.9652,1.0,66932.43,USD Coin
2021-01-01,1.0,1.009,0.9781,0.9999,50838.62,USD Coin
2021-01-02,0.9999,1.032,0.9013,0.9997,119174.49,USD Coin
2021-01-03,0.9997,1.054,0.9702,1.002,93712.37,USD Coin
2021-01-04,1.002,1.05,0.8895,0.9999,124899.7,USD Coin
2021-01-05,0.9999,1.013,0.8809,1.0,93735.17,USD Coin
2021-01-06,1.0,1.004,0.9069,1.0,108234.32,USD Coin
2021-01-07,1.0,1.022,0.9205,1.0,124089.93,USD Coin
2021-01-08,1.0,1.033,0.9019,1.0,118101.54,USD Coin
2021-01-09,1.0,1.029,0.9643,1.0,55615.73,USD Coin
2021-01-10,1.0,1.084,0.9234,0.9998,103197.3,USD Coin
2021-01-11,0.9998,1.079,0.8545,1.001,240514.27,USD Coin
2021-01-12,1.001,1.076,0.9556,1.001,115310.1,USD Coin
2021-01-13,1.001,1.011,0.8667,0.9997,91955.87,USD Coin
2021-01-14,0.9997,1.024,0.9386,1.0,74969.07,USD Coin
2021-01-15,1.0,1.078,0.9343,0.9993,89406.62,USD Coin
2021-01-16,0.9993,1.053,0.9822,0.9997,54208.45,USD Coin
2021-01-17,0.9997,1.029,0.9449,1.0,50930.27,USD Coin
2021-01-18,1.0,1.022,0.9496,0.9998,43053.74,USD Coin
2021-01-19,0.9998,1.054,0.9996,1.0,48459.84,USD Coin
2021-01-20,1.0,1.026,0.9445,1.0,66324.81,USD Coin
2021-01-21,1.0,1.156,0.9762,1.001,125749.26,USD Coin
2021-01-22,1.001,1.025,0.8726,0.9995,109159.79,USD Coin
2021-01-23,0.9995,1.043,0.9792,1.0,39826.74,USD Coin
2021-01-24,1.0,1.025,0.9593,1.0,33664.8,USD Coin
2021-01-25,1.0,1.081,0.9896,1.0,59535.49,USD Coin
2021-01-26,1.0,1.013,0.9487,0.9998,59759.73,USD Coin
2021-01-27,0.9998,1.071,0.9613,1.0,102289.71,USD Coin
2021-01-28,1.0,1.014,0.8949,1.001,77057.57,USD Coin
2021-01-29,1.001,1.126,0.9327,0.9985,169192.18,USD Coin
2021-01-30,0.9985,1.018,0.958,1.001,46351.05,USD Coin
2021-01-31,1.001,1.038,0.9722,1.0,35344.79,USD Coin
2021-02-01,1.0,1.035,0.9644,1.0,48145.99,USD Coin
2021-02-02,1.0,1.014,0.942,1.0,51384.34,USD Coin
2021-02-03,1.0,1.001,0.94,1.0,63980.3,USD Coin
2021-02-04,1.0,1.047,0.9782,0.9994,73729.2,USD Coin
2021-02-05,0.9994,1.001,0.956,0.9999,45240.67,USD Coin
2021-02-06,0.9999,1.043,0.9737,0.9996,66469.43,USD Coin
2021-02-07,0.9996,1.022,0.9621,0.9997,53805.28,USD Coin
2021-02-08,0.9997,1.004,0.8198,1.0,138499.26,USD Coin
2021-02-09,1.0,1.036,0.9683,0.9996,98633.9,USD Coin
2021-02-10,0.9996,1.055,0.9749,0.9996,72964.79,USD Coin
2021-02-11,0.9996,1.014,0.9171,0.9998,72238.32,USD Coin
2021-02-12,0.9998,1.031,0.9746,0.9997,59532.29,USD Coin
2021-02-13,0.9997,1.02,0.9806,1.0,33293.12,USD Coin
2021-02-14,1.0,1.02,0.9676,0.9996,37838.61,USD Coin
2021-02-15,0.9996,1.023,0.9579,1.0,52692.03,USD Coin
2021-02-16,1.0,1.028,0.9567,0.9997,66052.38,USD Coin
2021-02-17,0.9997,1.009,0.9392,1.0,67155.73,USD Coin
2021-02-18,1.0,1.019,0.9861,1.0,42530.36,USD Coin
2021-02-19,1.0,1.007,0.9079,1.0,72455.94,USD Coin
2021-02-20,1.0,1.028,0.9671,0.9985,52846.21,USD Coin
2021-02-21,0.9985,1.015,0.9656,0.9996,33808.04,USD Coin
2021-02-22,0.9996,1.063,0.8905,1.0,130810.58,USD Coin
2021-02-23,1.0,1.107,0.9196,0.9997,165700.27,USD Coin
2021-02-24,0.9997,1.033,0.9453,1.0,74975.14,USD Coin
2021-02-25,1.0,1.107,0.9927,1.0,73119.5,USD Coin
2021-02-26,1.0,1.044,0.9521,0.9989,90418.33,USD Coin
2021-02-27,0.9989,1.048,0.9766,1.001,39055.13,USD Coin
2021-02-28,1.001,1.032,0.9529,1.002,62349.29,USD Coin
2021-03-01,1.002,1.003,0.9075,0.9997,65640.31,USD Coin
2021-03-02,0.9997,1.036,0.9719,1.001,43320.04,USD Coin
2021-03-03,1.001,1.043,0.9552,0.9991,51525.54,USD Coin
2021-03-04,0.9991,1.071,0.9824,0.9999,61380.93,USD Coin
2021-03-05,0.9999,1.014,0.9494,0.9999,60950.41,USD Coin
2021-03-06,0.9999,1.006,0.9634,1.0,25118.51,USD Coin
2021-03-07,1.0,1.009,0.9584,0.9991,32926.95,USD Coin
2021-03-08,0.9991,1.001,0.9425,1.001,48134.88,USD Coin
2021-03-09,1.001,1.001,0.9454,1.001,53783.06,USD Coin
2021-03-10,1.001,1.027,0.9493,1.0,70147.32,USD Coin
2021-03-11,1.0,1.007,0.9404,1.001,59253.89,USD Coin
2021-03-12,1.001,1.015,0.9625,1.0,54303.41,USD Coin
2021-03-13,1.0,1.009,0.9169,0.9998,57851.94,USD Coin
2021-03-14,0.9998,1.045,0.999,0.9993,34864.03,USD Coin
2021-03-15,0.9993,1.09,0.9866,1.001,75243.96,USD Coin
2021-03-16,1.001,1.0,0.936,1.0,62557.48,USD Coin
2021-03-17,1.0,1.001,0.9195,1.0,62047.57,USD Coin
2021-03-18,1.0,1.042,0.9891,0.9999,54282.16,USD Coin
2021-03-19,0.9999,1.024,0.9689,0.9995,41163.23,USD Coin
2021-03-20,0.9995,1.031,0.9954,1.0,28695.88,USD Coin
2021-03-21,1.0,1.022,0.9697,1.0,34235.45,USD Coin
2021-03-22,1.0,1.08,0.9943,0.9999,51091.96,USD Coin
2021-03-23,0.9999,1.027,0.9746,0.9999,44774.28,USD Coin
2021-03-24,0.9999,1.093,0.9879,0.9997,62578.27,USD Coin
2021-03-25,0.9997,1.036,0.9818,0.9999,69772.19,USD Coin
2021-03-26,0.9999,1.0,0.931,0.9997,46149.67,USD Coin
2021-03-27,0.9997,1.013,0.9665,1.0,27393.17,USD Coin
2021-03-28,1.0,1.014,0.9812,1.0,24152.43,USD Coin
2021-03-29,1.0,1.014,0.9531,1.0,51562.48,USD Coin
2021-03-30,1.0,1.011,0.9707,1.0,35316.94,USD Coin
2021-03-31,1.0,1.018,0.9685,1.0,46513.97,USD Coin
2021-04-01,1.0,1.013,0.9869,1.0,28034.52,USD Coin
2021-04-02,1.0,1.018,0.9911,1.0,29750.16,USD Coin
2021-04-03,1.0,1.047,0.9978,0.9999,25101.16,USD Coin
2021-04-04,0.9999,1.005,0.9704,1.0,19003.67,USD Coin
2021-04-05,1.0,1.002,0.9618,1.0,24707.47,USD Coin
2021-04-06,1.0,1.025,0.989,1.0,26306.49,USD Coin
2021-04-07,1.0,1.048,0.9918,1.0,50371.43,USD Coin
2021-04-08,1.0,1.001,0.9595,1.0,25470.29,USD Coin
2021-04-09,1.0,1.014,0.9931,1.0,21318.18,USD Coin
2021-04-10,1.0,1.025,0.9693,1.001,38767.25,USD Coin
2021-04-11,1.001,1.012,0.9878,1.0,20375.2,USD Coin
2021-04-12,1.0,1.023,0.9931,1.0,31811.9,USD Coin
2021-04-13,1.0,1.002,0.9407,0.9997,52946.64,USD Coin
2021-04-14,0.9997,1.03,0.9741,1.0,64293.11,USD Coin
2021-04-15,1.0,1.01,0.9814,1.0,34098.36,USD Coin
2021-04-16,1.0,1.035,0.9778,1.0,57543.95,USD Coin
2021-04-17,1.0,1.041,0.9938,0.9995,34244.18,USD Coin
2021-04-18,0.9995,1.074,0.9385,1.0,112548.2,USD Coin
2021-04-19,1.0,1.033,0.9743,0.9992,48610.85,USD Coin
2021-04-20,0.9992,1.011,0.9456,0.9999,55858.66,USD Coin
2021-04-21,0.9999,1.055,0.9967,0.9997,41800.52,USD Coin
2021-04-22,0.9997,1.072,0.9762,0.9994,84168.37,USD Coin
2021-04-23,0.9994,1.019,0.9285,1.001,105563.57,USD Coin
2021-04-24,1.001,1.023,0.9735,1.0,33908.76,USD Coin
2021-04-25,1.0,1.031,0.9594,1.001,44291.67,USD Coin
2021-04-26,1.001,1.006,0.9037,1.0,61617.15,USD Coin
2021-04-27,1.0,1.008,0.9688,1.0,40600.86,USD Coin
2021-04-28,1.0,1.029,0.9818,0.9999,42643.24,USD Coin
2021-04-29,0.9999,1.03,0.9779,0.9999,43946.07,USD Coin
2021-04-30,0.9999,1.003,0.9185,0.9993,48737.38,USD Coin
2021-05-01,0.9993,1.011,0.9864,1.0,26145.35,USD Coin
2021-05-02,1.0,1.023,0.9907,1.0,21672.67,USD Coin
2021-05-03,1.0,1.007,0.8601,0.9999,1138656.11,USD Coin
2021-05-04,0.9999,1.089,0.9822,0.9995,1451977.77,USD Coin
2021-05-05,0.9995,1.008,0.9214,1.0,57008.2,USD Coin
2021-05-06,1.0,1.035,0.9801,1.0,50648.87,USD Coin
2021-05-07,1.0,1.023,0.9642,1.0,42819.26,USD Coin
2021-05-08,1.0,1.01,0.9667,0.9999,37724.54,USD Coin
2021-05-09,0.9999,1.017,0.9668,1.0,45721.1,USD Coin
2021-05-10,1.0,1.067,0.971,1.0,71179.52,USD Coin
2021-05-11,1.0,1.004,0.9607,1.001,42972.39,USD Coin
2021-05-12,1.001,1.174,0.9953,1.002,74481.72,USD Coin
2021-05-13,1.002,1.034,0.9465,1.0,119798.34,USD Coin
2021-05-14,0.9997,1.023,0.9056,0.9997,680843.32,USD Coin
2021-05-15,0.9997,1.134,0.9975,1.0,690322.66,USD Coin
2021-05-16,1.0,1.084,0.9362,1.002,1033520.09,USD Coin
2021-05-17,1.002,1.072,0.9678,1.0,134188.05,USD Coin
2021-05-18,1.0,1.068,0.9857,0.9992,71871.69,USD Coin
2021-05-19,0.9992,1.183,0.8124,0.9983,290486.17,USD Coin
2021-05-20,0.9983,1.047,0.862,0.9996,139586.47,USD Coin
2021-05-21,0.9996,1.132,0.8988,1.001,120657.68,USD Coin
2021-05-22,1.001,1.036,0.9414,1.0,74977.22,USD Coin
2021-05-23,1.0,1.104,0.8983,1.001,131701.1,USD Coin
2021-05-24,1.001,1.031,0.8899,1.003,107059.99,USD Coin
2021-05-25,1.003,1.038,0.9514,1.0,66553.94,USD Coin
2021-05-26,1.0,1.04,0.9638,1.0,66515.48,USD Coin
2021-05-27,1.0,1.051,0.9675,1.002,46568.74,USD Coin
2021-05-28,1.002,1.089,0.9727,0.9992,85280.41,USD Coin
2021-05-29,0.9992,1.078,0.9728,1.0,60625.64,USD Coin
2021-05-30,1.0,1.023,0.9365,0.9999,37518.51,USD Coin
2021-05-31,0.9999,1.006,0.9171,0.9999,50299.63,USD Coin
2021-06-01,0.9999,1.033,0.9741,1.0,44446.83,USD Coin
2021-06-02,1.0,1.017,0.9563,1.0,39947.92,USD Coin
2021-06-03,1.0,1.007,0.9487,1.0,41117.72,USD Coin
2021-06-04,1.0,1.065,0.9662,1.0,49659.04,USD Coin
2021-06-05,1.0,1.067,0.9808,1.0,39875.95,USD Coin
2021-06-06,1.0,1.018,0.9846,0.9995,27456.63,USD Coin
2021-06-07,0.9995,1.096,0.9938,1.0,52222.04,USD Coin
2021-06-08,1.0,1.02,0.9293,1.0,88520.19,USD Coin
2021-06-09,1.0,1.004,0.8678,1.0,92316.89,USD Coin
2021-06-10,1.0,1.047,0.9768,1.0,63065.81,USD Coin
2021-06-11,1.0,1.009,0.9641,1.0,43139.45,USD Coin
2021-06-12,1.0,1.055,0.9759,1.001,40656.23,USD Coin
2021-06-13,1.001,1.008,0.8909,0.9989,46300.82,USD Coin
2021-06-14,0.9989,1.012,0.9564,1.0,68733.57,USD Coin
2021-06-15,1.0,1.029,0.9844,1.0,48257.99,USD Coin
2021-06-16,1.0,1.056,0.9943,1.0,48111.38,USD Coin
2021-06-17,1.0,1.039,0.9824,1.001,41618.64,USD Coin
2021-06-18,1.001,1.067,0.9823,1.001,60307.39,USD Coin
2021-06-19,1.001,1.026,0.9816,0.9999,44779.3,USD Coin
2021-06-20,0.9999,1.015,0.9378,1.0,56541.43,USD Coin
2021-06-21,1.0,1.13,0.989,1.001,111104.76,USD Coin
2021-06-22,1.001,1.025,0.8895,1.001,130091.54,USD Coin
2021-06-23,1.001,1.034,0.9441,1.0,60350.84,USD Coin
2021-06-24,1.0,1.018,0.9334,1.0,38755.74,USD Coin
2021-06-25,1.0,1.123,0.9896,0.9992,91563.73,USD Coin
2021-06-26,0.9992,1.013,0.9362,1.002,58440.76,USD Coin
2021-06-27,1.002,1.002,0.9238,1.001,60474.43,USD Coin
2021-06-28,1.001,1.024,0.983,1.0,41272.79,USD Coin
2021-06-29,1.0,1.021,0.9542,1.0,44234.87,USD Coin
2021-06-30,1.0,1.03,0.9723,1.001,39824.43,USD Coin
2021-07-01,1.001,1.046,0.9769,1.0,36901.84,USD Coin
2021-07-02,1.0,1.005,0.9675,0.9997,33072.55,USD Coin
2021-07-03,0.9997,1.008,0.9611,1.0,17319.79,USD Coin
2021-07-04,1.0,1.018,0.9743,0.9997,15946.09,USD Coin
2021-07-05,0.9997,1.046,0.9828,0.9991,31498.86,USD Coin
2021-07-06,0.9991,1.025,0.9799,0.9997,32835.96,USD Coin
2021-07-07,0.9997,1.035,0.998,1.0,21788.85,USD Coin
2021-07-08,1.0,1.032,0.9767,1.0,47884.85,USD Coin
2021-07-09,1.0,1.008,0.9546,0.9998,25673.38,USD Coin
2021-07-10,0.9998,1.022,0.9854,0.9999,19343.77,USD Coin
2021-07-11,0.9999,1.01,0.9734,1.0,15725.62,USD Coin
2021-07-12,1.0,1.046,0.9857,0.9986,31031.01,USD Coin
2021-07-13,0.9986,1.019,0.9843,1.001,25577.09,USD Coin
2021-07-14,1.001,1.009,0.9633,1.0,27272.84,USD Coin
2021-07-15,1.0,1.044,0.9791,1.002,33720.47,USD Coin
2021-07-16,1.002,1.028,0.9892,1.0,25614.81,USD Coin
2021-07-17,1.0,1.014,0.9898,1.001,27949.72,USD Coin
2021-07-18,1.001,1.021,0.9795,1.001,25097.69,USD Coin
2021-07-19,1.001,1.035,0.9891,1.001,38089.96,USD Coin
2021-07-20,1.001,1.043,0.9842,1.0,43338.83,USD Coin
2021-07-21,1.0,1.021,0.9184,1.0,48933.21,USD Coin
2021-07-22,1.0,1.01,0.9828,1.0,24414.78,USD Coin
2021-07-23,1.0,1.001,0.9522,1.001,23490.79,USD Coin
2021-07-24,1.001,1.007,0.9756,1.001,20227.97,USD Coin
2021-07-25,1.001,0.9996,0.9575,0.9993,22668.9,USD Coin
2021-07-26,0.9993,1.088,0.9464,1.0,100276.88,USD Coin
2021-07-27,1.0,1.002,0.923,1.001,58233.11,USD Coin
2021-07-28,1.001,1.023,0.9705,1.001,66812.43,USD Coin
2021-07-29,1.001,1.015,0.9816,1.0,31549.9,USD Coin
2021-07-30,1.0,1.002,0.9087,1.001,42471.73,USD Coin
2021-07-31,1.001,1.02,0.989,0.9988,25326.17,USD Coin
2021-08-01,0.9988,1.068,0.9898,0.9998,33619.64,USD Coin
2021-08-02,0.9998,1.033,0.9882,1.0,33108.87,USD Coin
2021-08-03,1.0,1.042,0.987,1.0,38238.02,USD Coin
2021-08-04,1.0,1.005,0.9442,0.9999,34031.36,USD Coin
2021-08-05,0.9999,1.013,0.9128,0.9998,59737.97,USD Coin
2021-08-06,0.9998,1.012,0.931,1.0,48256.33,USD Coin
2021-08-07,1.0,1.003,0.9522,1.0,50459.26,USD Coin
2021-08-08,1.0,1.034,0.9877,0.9997,39421.59,USD Coin
2021-08-09,0.9997,1.004,0.9246,0.9996,48998.32,USD Coin
2021-08-10,0.9996,1.024,0.9795,1.0,35322.9,USD Coin
2021-08-11,1.0,1.026,0.995,0.9993,30798.01,USD Coin
2021-08-12,0.9993,1.04,0.9855,0.9999,35455.84,USD Coin
2021-08-13,0.9999,1.001,0.9254,1.0,34447.34,USD Coin
2021-08-14,1.0,1.022,0.9778,1.0,23831.58,USD Coin
2021-08-15,1.0,1.008,0.9697,0.9999,18030.44,USD Coin
2021-08-16,0.9999,1.046,0.9946,1.0,28458.71,USD Coin
2021-08-17,1.0,1.055,0.9951,1.001,37147.63,USD Coin
2021-08-18,1.001,1.029,0.9892,0.9998,30506.62,USD Coin
2021-08-19,0.9998,1.006,0.9407,1.0,33303.74,USD Coin
2021-08-20,1.0,1.001,0.9459,1.0,36337.18,USD Coin
2021-08-21,1.0,1.019,0.9888,0.9998,22923.38,USD Coin
2021-08-22,0.9998,1.004,0.9759,0.9996,16829.86,USD Coin
2021-08-23,0.9996,1.02,0.99,0.9996,30361.82,USD Coin
2021-08-24,0.9996,1.045,0.9976,0.9999,28716.56,USD Coin
2021-08-25,0.9999,1.005,0.9621,1.0,25064.36,USD Coin
2021-08-26,1.0,1.053,0.9912,0.9996,34263.83,USD Coin
2021-08-27,0.9996,1.002,0.945,1.0,27879.05,USD Coin
2021-08-28,1.0,1.008,0.9892,1.0,12815.75,USD Coin
2021-08-29,1.0,1.018,0.9804,0.9999,18982.67,USD Coin
2021-08-30,0.9999,1.04,0.9971,0.9997,29037.56,USD Coin
2021-08-31,0.9997,1.023,0.9908,1.0,29955.53,USD Coin
2021-09-01,1.0,1.004,0.9528,0.9998,31816.6,USD Coin
2021-09-02,0.9998,1.022,0.9869,1.0,32517.71,USD Coin
2021-09-03,1.0,1.021,0.9672,1.0,38508.92,USD Coin
2021-09-04,1.0,1.012,0.9913,1.0,16795.19,USD Coin
2021-09-05,1.0,1.002,0.9559,1.0,21383.68,USD Coin
2021-09-06,1.0,1.001,0.9684,0.9998,25619.42,USD Coin
2021-09-07,0.9998,1.13,0.9375,1.001,83918.15,USD Coin
2021-09-08,1.001,1.028,0.9655,1.0,45648.42,USD Coin
2021-09-09,1.0,1.021,0.9826,1.0,32281.7,USD Coin
2021-09-10,1.0,1.048,0.9854,1.0,35700.92,USD Coin
2021-09-11,1.0,1.018,0.9907,1.0,14600.66,USD Coin
2021-09-12,1.0,1.007,0.9719,0.9998,16362.97,USD Coin
2021-09-13,0.9998,1.042,0.9681,1.0,42637.49,USD Coin
2021-09-14,1.0,1.003,0.9505,1.0,26763.0,USD Coin
2021-09-15,1.0,1.006,0.9704,1.0,26904.23,USD Coin
2021-09-16,1.0,1.015,0.985,1.0,25701.5,USD Coin
2021-09-17,1.0,1.019,0.989,1.0,18944.16,USD Coin
2021-09-18,1.0,1.011,0.9751,1.001,15796.76,USD Coin
2021-09-19,1.001,1.024,0.9919,1.0,14046.51,USD Coin
2021-09-20,1.0,1.103,0.9917,1.0,64400.61,USD Coin
2021-09-21,1.0,1.073,0.9777,1.001,70986.51,USD Coin
2021-09-22,1.001,1.01,0.9314,1.0,42389.68,USD Coin
2021-09-23,1.0,1.002,0.9603,1.0,34509.69,USD Coin
2021-09-24,1.0,1.054,0.9528,1.0,60157.73,USD Coin
2021-09-25,1.0,1.007,0.977,1.001,18058.01,USD Coin
2021-09-26,1.001,1.017,0.9451,1.0,27851.16,USD Coin
2021-09-27,1.0,1.052,0.999,1.0,26255.1,USD Coin
2021-09-28,1.0,1.043,0.9974,1.001,31965.57,USD Coin
2021-09-29,1.001,1.026,0.9821,1.0,26357.68,USD Coin
2021-09-30,1.0,1.007,0.946,1.001,34005.14,USD Coin
2021-10-01,1.001,1.007,0.8994,1.0,53596.93,USD Coin
2021-10-02,1.0,1.014,0.9955,0.9997,16056.65,USD Coin
2021-10-03,0.9997,1.02,0.9776,1.0,18595.97,USD Coin
2021-10-04,1.0,1.006,0.9536,1.001,34427.4,USD Coin
2021-10-05,1.001,1.007,0.9528,0.9997,40675.45,USD Coin
2021-10-06,0.9997,1.006,0.9114,1.0,64422.13,USD Coin
2021-10-07,1.0,1.029,0.9929,1.0,33820.43,USD Coin
2021-10-08,1.0,1.04,0.9953,1.001,29144.85,USD Coin
2021-10-09,1.001,1.009,0.9769,1.0,14594.88,USD Coin
2021-10-10,1.0,1.032,0.9896,1.0,23095.09,USD Coin
2021-10-11,1.0,1.006,0.9472,1.0,31810.93,USD Coin
2021-10-12,1.0,1.029,0.9659,1.0,33969.15,USD Coin
2021-10-13,1.0,1.007,0.9463,1.0,34060.28,USD Coin
2021-10-14,1.0,1.02,0.9913,1.0,28065.75,USD Coin
2021-10-15,1.0,1.02,0.9227,1.001,62086.22,USD Coin
2021-10-16,1.001,1.024,0.9882,1.0,22946.98,USD Coin
2021-10-17,1.0,1.003,0.9596,0.9998,23331.21,USD Coin
2021-10-18,0.9998,1.01,0.9662,1.0,50503.23,USD Coin
2021-10-19,1.0,1.003,0.9554,1.0,42985.73,USD Coin
2021-10-20,1.0,1.015,0.9626,1.0,45369.33,USD Coin
2021-10-21,1.0,1.071,0.9975,1.001,62149.68,USD Coin
2021-10-22,1.001,1.05,0.989,1.0,40483.34,USD Coin
2021-10-23,1.0,1.007,0.974,1.0,16236.97,USD Coin
2021-10-24,1.0,1.01,0.9781,1.0,19158.03,USD Coin
2021-10-25,1.0,1.01,0.9618,1.0,24703.08,USD Coin
2021-10-26,1.0,1.049,0.9926,1.0,28106.68,USD Coin
2021-10-27,1.0,1.052,0.9945,1.0,45864.86,USD Coin
2021-10-28,1.0,1.027,0.9594,1.0,51253.17,USD Coin
2021-10-29,1.0,1.011,0.9681,1.0,35227.97,USD Coin
2021-10-30,1.0,1.008,0.9824,1.0,15923.94,USD Coin
2021-10-31,1.0,1.018,0.9785,1.0,19362.68,USD Coin
2021-11-01,1.0,1.025,0.9769,1.0,31925.02,USD Coin
2021-11-02,1.0,1.017,0.9596,1.0,36025.8,USD Coin
2021-11-03,1.0,1.01,0.9703,1.0,29619.86,USD Coin
2021-11-04,1.0,1.027,0.9884,0.9999,23027.4,USD Coin
2021-11-05,0.9999,1.026,0.9964,1.0,20544.4,USD Coin
2021-11-06,1.0,1.001,0.9775,1.0,15435.83,USD Coin
2021-11-07,1.0,1.0,0.9702,1.0,14940.16,USD Coin
2021-11-08,1.0,1.003,0.937,0.9998,39767.18,USD Coin
2021-11-09,0.9998,1.024,0.9907,1.0,32748.9,USD Coin
2021-11-10,1.0,1.062,0.9733,0.9999,50586.18,USD Coin
2021-11-11,0.9999,1.012,0.9892,0.9999,21473.32,USD Coin
2021-11-12,0.9999,1.021,0.9714,1.0,32746.05,USD Coin
2021-11-13,1.0,1.009,0.9846,1.0,12722.52,USD Coin
2021-11-14,1.0,1.0,0.9712,1.0,14681.46,USD Coin
2021-11-15,1.0,1.043,0.9972,0.9999,25259.68,USD Coin
2021-11-16,0.9999,1.058,0.9773,1.0,61506.37,USD Coin
2021-11-17,1.0,1.008,0.9701,0.9999,43162.55,USD Coin
2021-11-18,0.9999,1.071,0.9928,0.9997,63503.95,USD Coin
2021-11-19,0.9997,1.005,0.9577,1.0,36847.05,USD Coin
2021-11-20,1.0,1.003,0.9617,1.001,16782.22,USD Coin
2021-11-21,1.001,1.023,0.9976,0.9997,14986.13,USD Coin
2021-11-22,0.9997,1.055,0.9889,1.0,41375.1,USD Coin
2021-11-23,1.0,1.005,0.9637,0.9998,37865.33,USD Coin
2021-11-24,0.9998,1.01,0.9775,0.9998,28732.75,USD Coin
2021-11-25,0.9998,1.008,0.9678,1.0,24225.51,USD Coin
2021-11-26,1.0,1.101,0.9966,1.001,60096.16,USD Coin
2021-11-27,1.001,1.01,0.9796,1.0,18510.74,USD Coin
2021-11-28,1.0,1.003,0.9325,1.001,21573.12,USD Coin
2021-11-29,1.001,1.019,0.9816,1.0,29303.33,USD Coin
2021-11-30,1.0,1.041,0.983,1.001,41523.09,USD Coin
2021-12-01,1.001,1.033,0.988,1.001,36099.04,USD Coin
2021-12-02,1.001,1.016,0.9881,1.0,30215.16,USD Coin
2021-12-03,1.0,1.074,0.978,0.9998,44895.97,USD Coin
2021-12-04,0.9998,1.094,0.8847,1.0,89261.45,USD Coin
2021-12-05,1.0,1.007,0.968,1.001,42302.23,USD Coin
2021-12-06,1.001,1.009,0.9352,1.0,49892.42,USD Coin
2021-12-07,1.0,1.026,0.9893,1.0,29310.35,USD Coin
2021-12-08,1.0,1.014,0.9646,1.0,25738.79,USD Coin
2021-12-09,1.0,1.068,0.995,1.0,34477.71,USD Coin
2021-12-10,1.0,1.061,0.996,1.0,39537.66,USD Coin
2021-12-11,1.0,1.003,0.9485,1.001,24407.28,USD Coin
2021-12-12,1.001,1.014,0.9717,1.0,21548.04,USD Coin
2021-12-13,1.0,1.075,0.9804,1.0,49461.55,USD Coin
2021-12-14,1.0,1.006,0.9573,1.0,34839.36,USD Coin
2021-12-15,1.0,1.013,0.9525,1.0,44272.43,USD Coin
2021-12-16,0.9999,1.001,0.9828,1.0,110453301.25,USD Coin
2021-12-17,1.0,1.002,0.9999,1.0,94500281.38,USD Coin
2021-12-18,0.9999,1.011,0.9716,1.0,18785.9,USD Coin
2021-12-19,1.0,1.034,0.9949,1.0,21906.8,USD Coin
2021-12-20,1.0,1.012,0.9717,1.0,32678.28,USD Coin
2021-12-21,1.0,1.009,0.9541,1.0,31927.54,USD Coin
2021-12-22,1.0,1.02,0.9969,1.0,21000.38,USD Coin
2021-12-23,0.9999,1.0,0.9998,1.0,64981722.11,USD Coin
2021-12-24,1.001,1.021,0.9927,1.0,21678.85,USD Coin
2021-12-25,1.0,1.015,0.9956,1.0,11534.47,USD Coin
2021-12-26,1.0,1.009,0.974,0.9997,14658.84,USD Coin
2021-12-27,0.9997,1.027,0.9957,1.0,21880.24,USD Coin
2021-12-28,1.0,1.067,0.995,0.9996,40684.73,USD Coin
2021-12-29,0.9996,1.036,0.9924,1.0,33756.46,USD Coin
2021-12-30,0.9999,1.0,0.9993,0.9999,47511922.15,USD Coin
2021-12-31,0.9999,1.051,0.9879,0.9994,34716.01,USD Coin
2022-01-01,0.9994,1.005,0.9678,1.0,16698.98,USD Coin
2022-01-02,1.0,1.014,0.9864,1.0,13025.35,USD Coin
2022-01-03,1.0,1.025,0.9844,1.0,21690.22,USD Coin
2022-01-04,1.0,1.037,0.9945,0.9997,29026.12,USD Coin
2022-01-05,0.9997,1.083,0.9786,0.9998,47758.6,USD Coin
2022-01-06,0.9998,1.015,0.9846,0.9991,36771.38,USD Coin
2022-01-07,0.9991,1.039,0.9812,1.0,51325.48,USD Coin
2022-01-08,1.0,1.015,0.9725,1.0,27563.01,USD Coin
2022-01-09,1.0,1.023,0.9852,1.0,21494.15,USD Coin
2022-01-10,1.0,1.01,0.9482,1.0,51975.01,USD Coin
2022-01-11,1.0,1.009,0.9662,1.0,36571.47,USD Coin
2022-01-12,1.0,1.001,0.9999,1.0,58692697.06,USD Coin
2022-01-13,0.9999,1.044,0.9945,1.0,29164.05,USD Coin
2022-01-14,1.0,1.009,0.9698,1.0,27292.32,USD Coin
2022-01-15,1.0,1.016,0.988,0.9996,14069.12,USD Coin
2022-01-16,0.9996,1.009,0.9889,1.0,12616.56,USD Coin
2022-01-17,1.0,1.023,0.9848,1.0,20316.88,USD Coin
2022-01-18,1.0,1.007,0.9749,1.0,26291.58,USD Coin
2022-01-19,1.0,1.022,0.9873,1.0,32437.02,USD Coin
2022-01-20,1.0,1.069,0.9968,1.0,35138.2,USD Coin
2022-01-21,1.0,1.127,0.9733,1.0,94199.56,USD Coin
2022-01-22,1.0,1.05,0.9732,1.0,68456.56,USD Coin
2022-01-23,1.0,1.007,0.9553,1.001,39621.63,USD Coin
2022-01-24,1.001,1.021,0.899,1.0,94616.05,USD Coin
2022-01-25,1.0,1.016,0.9665,1.0,44568.82,USD Coin
2022-01-26,1.0,1.057,0.9852,1.0,57475.65,USD Coin
2022-01-27,1.0,1.002,0.9562,1.0,46029.75,USD Coin
2022-01-28,1.0,1.007,0.9585,1.0,38853.3,USD Coin
2022-01-29,1.0,1.015,0.9787,1.001,24116.62,USD Coin
2022-01-30,1.001,1.012,0.9856,0.9996,17347.04,USD Coin
2022-01-31,0.9996,1.008,0.9528,1.001,34733.97,USD Coin
2022-02-01,1.001,1.014,0.9822,1.0,32503.59,USD Coin
2022-02-02,1.0,1.053,0.9927,1.0,29143.28,USD Coin
2022-02-03,1.0,1.003,0.9723,1.001,27560.58,USD Coin
2022-02-04,1.001,1.004,0.8913,1.0,50455.64,USD Coin
2022-02-05,1.0,1.013,0.9891,1.0,22246.3,USD Coin
2022-02-06,1.0,1.006,0.9703,1.0,14391.72,USD Coin
2022-02-07,1.0,1.015,0.9506,1.0,42429.21,USD Coin
2022-02-08,1.0,1.032,0.9689,1.0,44968.35,USD Coin
2022-02-09,1.0,1.01,0.9719,1.0,27466.33,USD Coin
2022-02-10,1.0,1.053,0.9939,1.0,45544.07,USD Coin
2022-02-11,1.0,1.037,0.9908,1.0,39322.36,USD Coin
2022-02-12,1.0,1.019,0.9895,1.0,17669.98,USD Coin
2022-02-13,1.0,1.017,0.9961,1.0,12421.88,USD Coin
2022-02-14,1.0,1.007,0.9771,0.9999,27972.9,USD Coin
2022-02-15,0.9999,1.005,0.9525,1.0,27553.16,USD Coin
2022-02-16,1.0,1.016,0.9878,1.0,20598.21,USD Coin
2022-02-17,1.0,1.09,0.9892,1.0,39647.46,USD Coin
2022-02-18,1.0,1.024,0.9871,0.9995,32500.0,USD Coin
2022-02-19,0.9995,1.009,0.9892,1.0,11676.94,USD Coin
2022-02-20,1.0,1.046,0.9909,1.001,23045.46,USD Coin
2022-02-21,1.001,1.066,0.9953,1.0,47551.55,USD Coin
2022-02-22,1.0,1.005,0.9506,1.0,42892.44,USD Coin
2022-02-23,1.0,1.054,0.9953,1.0,31862.29,USD Coin
2022-02-24,1.0,1.022,0.8959,1.0,93381.46,USD Coin
2022-02-25,1.0,1.012,0.9698,1.0,39467.27,USD Coin
2022-02-26,1.0,1.028,0.9869,1.0,18658.1,USD Coin
2022-02-27,1.0,1.057,0.9823,1.0,30839.31,USD Coin
2022-02-28,1.0,1.017,0.8671,0.9994,55291.32,USD Coin
2022-03-01,0.9994,1.011,0.9657,1.0,48475.83,USD Coin
2022-03-02,1.0,1.026,0.9877,1.0,37396.9,USD Coin
2022-03-03,1.0,1.038,0.9856,1.0,36523.14,USD Coin
2022-03-04,1.0,1.086,0.9866,1.0,50139.43,USD Coin
2022-03-05,1.0,1.005,0.981,1.0,15941.15,USD Coin
2022-03-06,1.0,1.033,0.993,1.001,21048.36,USD Coin
2022-03-07,1.001,1.039,0.9775,0.9995,40456.07,USD Coin
2022-03-08,0.9995,1.016,0.9784,1.0,35527.78,USD Coin
2022-03-09,1.0,1.015,0.9223,1.0,47229.27,USD Coin
2022-03-10,1.0,1.066,0.9852,1.0,42479.25,USD Coin
2022-03-11,1.0,1.038,0.9874,0.9998,39190.73,USD Coin
2022-03-12,0.9998,1.016,0.9974,1.0,11889.0,USD Coin
2022-03-13,1.0,1.038,0.9949,0.9992,17782.39,USD Coin
2022-03-14,0.9992,1.003,0.9466,1.0,32108.63,USD Coin
2022-03-15,1.0,1.014,0.9735,1.0,30652.4,USD Coin
2022-03-16,1.0,1.012,0.9465,1.0,54969.31,USD Coin
2022-03-17,1.0,1.012,0.9912,1.0,18009.39,USD Coin
2022-03-18,1.0,1.011,0.9624,0.9998,31856.79,USD Coin
2022-03-19,0.9998,1.003,0.984,1.0,15248.13,USD Coin
2022-03-20,1.0,1.025,0.9934,0.9998,15578.0,USD Coin
2022-03-21,0.9998,1.012,0.9883,1.0,21869.78,USD Coin
2022-03-22,1.0,1.022,0.9657,1.0,37641.03,USD Coin
2022-03-23,1.0,1.002,0.9741,0.9997,26397.61,USD Coin
2022-03-24,0.9997,1.005,0.9693,1.0,34880.9,USD Coin
2022-03-25,1.0,1.018,0.9844,1.0,34474.47,USD Coin
2022-03-26,1.0,1.006,0.9904,1.0,11560.34,USD Coin
2022-03-27,1.0,1.001,0.9486,0.9997,22670.24,USD Coin
2022-03-28,0.9997,1.023,0.9901,0.9998,35791.1,USD Coin
2022-03-29,0.9998,1.013,0.9909,0.9999,27816.71,USD Coin
2022-03-30,0.9999,1.013,0.9903,0.9999,24547.29,USD Coin
2022-03-31,0.9999,1.045,0.9932,0.9998,29101.18,USD Coin
2022-04-01,0.9998,1.009,0.9561,1.0,34254.74,USD Coin
2022-04-02,1.0,1.03,0.9964,1.0,16495.28,USD Coin
2022-04-03,1.0,1.022,0.9819,1.0,17419.33,USD Coin
2022-04-04,1.0,1.006,0.9684,1.0,24885.65,USD Coin
2022-04-05,1.0,1.037,0.9976,1.0,24211.96,USD Coin
2022-04-06,1.0,1.054,0.999,1.0,43272.67,USD Coin
2022-04-07,1.0,1.01,0.984,1.0,22803.16,USD Coin
2022-04-08,1.0,1.04,0.9963,0.9999,25452.37,USD Coin
2022-04-09,0.9999,1.001,0.9853,1.0,9051.91,USD Coin
2022-04-10,1.0,1.031,0.9945,1.0,12859.41,USD Coin
2022-04-11,1.0,1.073,0.9926,1.0,34899.34,USD Coin
2022-04-12,1.0,1.015,0.9797,1.0,27201.25,USD Coin
2022-04-13,1.0,1.01,0.9622,1.0,24393.01,USD Coin
2022-04-14,1.0,1.039,0.991,1.0,21476.86,USD Coin
2022-04-15,1.0,1.006,0.9807,1.0,13945.3,USD Coin
2022-04-16,1.0,1.008,0.991,1.0,7773.23,USD Coin
2022-04-17,1.0,1.023,0.9968,1.0,9700.63,USD Coin
2022-04-18,1.0,1.007,0.9452,1.0,27725.63,USD Coin
2022-04-19,1.0,1.006,0.978,1.0,18646.9,USD Coin
2022-04-20,1.0,1.02,0.9892,1.0,25840.43,USD Coin
2022-04-21,1.0,1.062,0.9847,1.0,31799.27,USD Coin
2022-04-22,1.0,1.027,0.9868,1.0,28865.65,USD Coin
2022-04-23,1.0,1.014,0.9966,1.0,11482.74,USD Coin
2022-04-24,1.0,1.012,0.9893,1.0,12669.03,USD Coin
2022-04-25,1.0,1.004,0.9456,1.0,38638.16,USD Coin
2022-04-26,1.0,1.07,0.9897,0.9999,38186.0,USD Coin
2022-04-27,0.9999,1.006,0.966,1.0,34524.6,USD Coin
2022-04-28,1.0,1.016,0.9783,0.9999,29978.28,USD Coin
2022-04-29,0.9999,1.034,0.9893,1.0,24746.93,USD Coin
2022-04-30,1.0,1.03,0.9989,1.0,13696.09,USD Coin
2022-05-01,1.0,1.005,0.9738,1.0,17305.0,USD Coin
2022-05-02,1.0,1.017,0.988,0.9998,29805.93,USD Coin
2022-05-03,0.9998,1.024,0.9947,1.0,28733.73,USD Coin
2022-05-04,1.0,1.008,0.9492,0.9999,36516.15,USD Coin
2022-05-05,0.9999,1.09,0.9744,0.9998,51306.58,USD Coin
2022-05-06,0.9998,1.018,0.9809,1.0,46633.87,USD Coin
2022-05-07,1.0,1.019,0.9822,1.0,20043.9,USD Coin
2022-05-08,1.0,1.043,0.991,0.9998,41017.09,USD Coin
2022-05-09,0.9998,1.137,0.9988,0.9991,108378.85,USD Coin
2022-05-10,0.9991,1.052,0.9622,1.0,103853.19,USD Coin
2022-05-11,1.0,1.11,0.9705,1.003,131936.83,USD Coin
2022-05-12,1.003,1.04,0.893,0.9995,160755.26,USD Coin
2022-05-13,0.9995,1.059,0.9817,1.0,64468.85,USD Coin
2022-05-14,1.0,1.008,0.9516,1.0,28765.42,USD Coin
2022-05-15,1.0,1.004,0.9416,1.0,26779.32,USD Coin
2022-05-16,1.0,1.049,0.9758,1.0,41536.26,USD Coin
2022-05-17,1.0,1.011,0.9681,1.0,33093.63,USD Coin
2022-05-18,1.0,1.07,0.9979,0.9999,44946.62,USD Coin
2022-05-19,0.9999,1.007,0.9459,0.9997,48974.54,USD Coin
2022-05-20,0.9997,1.053,0.9838,0.9999,57043.5,USD Coin
2022-05-21,0.9999,1.007,0.9836,1.0,15782.24,USD Coin
2022-05-22,1.0,1.006,0.9657,1.0,21394.53,USD Coin
2022-05-23,1.0,1.054,0.9927,1.0,38289.86,USD Coin
2022-05-24,1.0,1.006,0.9663,1.0,28264.97,USD Coin
2022-05-25,1.0,1.023,0.9934,0.9998,26899.72,USD Coin
2022-05-26,0.9998,1.023,0.9619,1.001,45106.6,USD Coin
2022-05-27,1.001,1.027,0.9881,1.0,36577.84,USD Coin
2022-05-28,1.0,1.008,0.9829,1.0,12668.13,USD Coin
2022-05-29,1.0,1.004,0.979,1.0,12846.67,USD Coin
2022-05-30,1.0,1.014,0.9235,1.0,46300.7,USD Coin
2022-05-31,1.0,1.019,0.982,1.0,32454.61,USD Coin
2022-06-01,1.0,1.073,0.9849,1.001,43789.77,USD Coin
2022-06-02,1.001,1.007,0.9719,1.0,31060.38,USD Coin
2022-06-03,1.0,1.034,0.9858,1.0,24615.19,USD Coin
2022-06-04,1.0,1.004,0.9876,1.0,10449.72,USD Coin
2022-06-05,1.0,1.008,0.9872,0.9999,10423.07,USD Coin
2022-06-06,0.9999,1.013,0.9531,1.0,34491.22,USD Coin
2022-06-07,1.0,1.014,0.9384,0.9995,44287.18,USD Coin
2022-06-08,0.9995,1.037,0.9884,0.9999,27740.1,USD Coin
2022-06-09,0.9999,1.02,0.9947,0.9999,20554.11,USD Coin
2022-06-10,0.9999,1.044,0.9925,1.0,38474.66,USD Coin
2022-06-11,1.0,1.037,0.9904,1.0,24324.28,USD Coin
2022-06-12,1.0,1.072,0.999,0.9996,38507.55,USD Coin
2022-06-13,0.9996,1.197,0.979,1.001,169926.04,USD Coin
2022-06-14,1.001,1.05,0.9423,1.0,93527.59,USD Coin
2022-06-15,1.0,1.008,0.8903,1.0,118675.09,USD Coin
2022-06-16,1.0,1.128,0.9924,1.0,62468.68,USD Coin
2022-06-17,1.0,1.044,0.9893,0.9996,63586.99,USD Coin
2022-06-18,0.9996,1.092,0.9279,0.9992,100058.48,USD Coin
2022-06-19,0.9992,1.011,0.8727,1.0,61184.75,USD Coin
2022-06-20,1.0,1.022,0.9541,0.9995,48954.39,USD Coin
2022-06-21,0.9995,1.048,0.9825,0.9999,45258.94,USD Coin
2022-06-22,0.9999,1.045,0.9899,0.9999,50633.6,USD Coin
2022-06-23,0.9999,1.005,0.9422,1.0,40665.25,USD Coin
2022-06-24,1.0,1.015,0.9765,1.0,40312.3,USD Coin
2022-06-25,1.0,1.005,0.9731,0.9998,21599.01,USD Coin
2022-06-26,0.9998,1.04,0.9973,1.0,20819.48,USD Coin
2022-06-27,1.0,1.039,0.9927,1.001,30705.13,USD Coin
2022-06-28,1.001,1.046,0.9964,0.9999,32934.48,USD Coin
2022-06-29,0.9999,1.015,0.9877,1.0,37370.08,USD Coin
2022-06-30,1.0,1.013,0.9364,1.001,56376.85,USD Coin
2022-07-01,1.001,1.081,0.9843,0.9998,62272.64,USD Coin
2022-07-02,0.9998,1.01,0.9865,1.0,20448.57,USD Coin
2022-07-03,1.0,1.017,0.9729,1.0,22435.4,USD Coin
2022-07-04,1.0,1.005,0.942,1.0,31706.62,USD Coin
2022-07-05,1.0,1.027,0.956,0.9993,46638.33,USD Coin
2022-07-06,0.9993,1.005,0.9615,1.0,39345.3,USD Coin
2022-07-07,1.0,1.011,0.9367,1.0,50421.27,USD Coin
2022-07-08,1.0,1.037,0.9813,1.0,56702.64,USD Coin
2022-07-09,1.0,1.017,0.9885,1.0,21062.3,USD Coin
2022-07-10,1.0,1.036,0.9917,1.0,23039.35,USD Coin
2022-07-11,1.0,1.045,0.9963,0.9999,37058.46,USD Coin
2022-07-12,0.9999,1.037,0.9954,0.9995,44299.0,USD Coin
2022-07-13,0.9995,1.002,0.9353,1.0,60199.53,USD Coin
2022-07-14,1.0,1.014,0.9537,1.0,50534.44,USD Coin
2022-07-15,1.0,1.017,0.9782,1.0,35889.35,USD Coin
2022-07-16,1.0,1.018,0.9663,1.0,27880.34,USD Coin
2022-07-17,1.0,1.042,0.9983,1.0,25680.45,USD Coin
2022-07-18,1.0,1.013,0.9248,0.9999,66739.96,USD Coin
2022-07-19,0.9999,1.017,0.9226,1.0,79215.91,USD Coin
2022-07-20,1.0,1.045,0.9868,0.9997,74259.14,USD Coin
2022-07-21,0.9997,1.012,0.9658,1.001,52492.19,USD Coin
2022-07-22,1.001,1.047,0.9926,1.0,42579.25,USD Coin
2022-07-23,1.0,1.024,0.9778,1.0,25789.31,USD Coin
2022-07-24,1.0,1.019,0.9861,1.0,22224.49,USD Coin
2022-07-25,1.0,1.064,0.9985,1.0,42938.45,USD Coin
2022-07-26,1.0,1.004,0.9755,1.0,38542.52,USD Coin
2022-07-27,1.0,1.006,0.9168,1.0,52722.4,USD Coin
2022-07-28,1.0,1.014,0.9474,1.0,55708.51,USD Coin
2022-07-29,1.0,1.027,0.9858,0.9995,42322.86,USD Coin
2022-07-30,0.9995,1.041,0.9947,1.0,32275.9,USD Coin
2022-07-31,1.0,1.037,0.9969,0.9997,23002.99,USD Coin
2022-08-01,0.9998,1.046,0.9857,1.0,379406.14,USD Coin
2022-08-02,0.9992,1.018,0.9836,0.9976,34177.52,USD Coin
2022-08-03,0.9976,1.033,0.9929,0.9986,44695.66,USD Coin
2022-08-04,0.9986,1.027,0.991,1.0,36541.77,USD Coin
2022-08-05,1.0,1.007,0.9692,1.0,50501.39,USD Coin
2022-08-06,0.9998,1.035,0.9981,1.0,384132.02,USD Coin
2022-08-07,1.0,1.009,0.9859,0.9999,16798.06,USD Coin
2022-08-08,0.9999,1.018,0.9727,1.0,40878.47,USD Coin
2022-08-09,1.0,1.033,0.9883,1.0,38313.67,USD Coin
2022-08-10,1.0,1.018,0.8949,1.001,758361.15,USD Coin
2022-08-11,1.001,1.034,0.9858,1.002,709147.13,USD Coin
2022-08-12,1.002,1.002,0.9449,0.9984,432935.84,USD Coin
2022-08-13,0.9984,1.019,0.9826,1.001,403772.37,USD Coin
2022-08-14,1.001,1.029,0.9937,1.0,36034.46,USD Coin
2022-08-15,1.0,1.045,0.9857,0.9989,54695.19,USD Coin
2022-08-16,0.9996,1.02,0.9874,0.9999,498149.61,USD Coin
2022-08-17,1.001,1.047,0.9934,1.0,45577.26,USD Coin
2022-08-18,1.0,1.017,0.9961,0.9998,24883.45,USD Coin
2022-08-19,0.9998,1.114,0.9985,1.0,81703.25,USD Coin
2022-08-20,1.0,1.011,0.9828,1.0,38012.87,USD Coin
2022-08-21,1.0,1.011,0.9795,0.9999,30410.51,USD Coin
2022-08-22,0.9998,1.002,0.9414,0.9998,750897.01,USD Coin
2022-08-23,0.9995,1.007,0.9709,0.9999,41082.48,USD Coin
2022-08-24,0.9999,1.024,0.9898,0.9999,42420.87,USD Coin
2022-08-25,0.9999,1.011,0.9882,0.9998,31210.13,USD Coin
2022-08-26,0.9998,1.08,0.9941,1.0,74203.15,USD Coin
2022-08-27,1.0,1.016,0.9896,1.0,38547.28,USD Coin
2022-08-28,1.0,1.031,0.9984,0.9998,29978.84,USD Coin
2022-08-29,0.9998,1.006,0.9635,1.0,52185.75,USD Coin
2022-08-30,1.0,1.039,0.9874,1.001,70119.43,USD Coin
2022-08-31,1.001,1.022,0.9882,1.0,57710.51,USD Coin
2022-09-01,1.0,1.004,0.9723,1.0,44976.09,USD Coin
2022-09-02,1.0,1.024,0.9904,1.0,41628.34,USD Coin
2022-09-03,1.0,1.011,0.9912,1.0,17140.5,USD Coin
2022-09-04,1.0,1.001,0.9795,1.0,19538.16,USD Coin
2022-09-05,1.0,1.0,0.9999,1.0,3902502.49,USD Coin
