,Datum,Aktenzeichen,Vertreter
0,25.04.2008,2C_641/2007,vertreten durch Advokat Marcel Muff
1,18.11.2015,1B_405/2015,N/A
2,12.09.2007,9C_392/2007,N/A
3,27.04.2015,9F_6/2015,N/A
4,19.01.2009,5A_723/2008,N/A
5,11.04.2008,1B_20/2008,N/A
6,29.06.2011,9C_494/2011,N/A
7,13.08.2008,4A_219/2008,N/A
8,28.04.2008,2C_205/2008,vertreten durch Fürsprech Beat Widmer
9,22.03.2010,4A_2/2010,N/A
10,08.12.2008,5D_148/2008,N/A
11,08.03.2007,2A.168/2006,N/A
12,29.08.2012,9C_444/2012,vertreten durch Rechtsanwältin Susanne Schaffner
13,27.07.2007,2P.55/2007,vertreten durch Rechtsanwalt Hans Rudolf
14,08.02.2012,9C_768/2011,vertreten durch Rechtsanwältin Alexandra Zürcher
15,03.09.2012,1C_276/2012,N/A
16,25.03.2015,8C_82/2015,vertreten durch Fürsprecher Miroslav Paták
17,28.04.2015,6B_386/2015,N/A
18,23.03.2012,1C_73/2012,N/A
19,20.03.2012,8C_795/2011,N/A
20,17.02.2011,4A_479/2010,vertreten durch Rechtsanwalt Adrian Döbeli
21,14.05.2008,6B_785/2007,N/A
22,13.08.2009,5A_200/2009,N/A
23,08.03.2011,6B_119/2011,N/A
24,18.02.2011,2C_356/2010,N/A
25,12.04.2016,6B_357/2016,N/A
26,18.09.2007,8C_109/2007,vertreten durch Beratungsstelle für Ausländer
27,05.01.2016,4A_602/2015,N/A
28,29.03.2010,8C_225/2010,N/A
29,05.06.2012,5A_422/2012,N/A
30,15.10.2012,2C_451/2012,vertreten durch Rechtsanwalt Patrick Stutz
31,29.03.2012,9C_182/2012,N/A
32,28.04.2015,4D_18/2015,N/A
33,14.12.2016,9C_813/2016,N/A
34,05.07.2012,6B_112/2012,N/A
35,04.10.2012,2C_981/2012,N/A
36,22.06.2012,1B_356/2012,N/A
37,04.07.2008,9C_878/2007,vertreten durch Rechtsanwalt Bernhard Zollinger
38,22.12.2011,6B_497/2011,vertreten durch Advokat Patrick Frey
39,08.08.2011,5A_428/2011,N/A
40,16.12.2016,6B_656/2015,vertreten durch Rechtsanwalt Sven Gretler
41,16.07.2009,2C_400/2009,N/A
42,08.07.2011,9C_189/2011,vertreten durch Rechtsanwalt Guy Reich
43,30.06.2009,9C_969/2008,vertreten durch Rechtsanwalt Stefan Hofer
44,29.04.2014,9C_268/2014,vertreten durch Rechtsanwältin Gabriela Gwerder
45,08.12.2016,6B_594/2016,N/A
46,18.08.2010,5A_556/2010,N/A
47,02.06.2009,2C_333/2009,N/A
48,26.04.2011,4A_112/2011,vertreten durch Rechtsanwalt Tobias Kunz
49,28.10.2008,2C_719/2008,N/A
50,15.01.2009,1B_338/2008,N/A
51,09.12.2016,8C_702/2016,N/A
52,06.09.2012,1B_465/2012,N/A
53,08.12.2016,1C_560/2016,N/A
54,15.05.2015,9C_38/2015,vertreten durch Advokat Silvan Ulrich
55,19.01.2009,1F_1/2009,N/A
56,04.07.2016,8C_409/2016,N/A
57,15.12.2014,6B_889/2014,vertreten durch Advokatin Martina Horni
58,01.09.2007,6B_431/2007,N/A
59,11.01.2008,5A_227/2007,N/A
60,15.05.2007,5D_26/2007,N/A
61,13.11.2007,5D_118/2007,N/A
62,28.09.2007,2C_255/2007,vertreten durch Fürsprecher Ubald Bisegger
63,12.10.2011,4D_72/2011,N/A
64,06.08.2007,1E.14/2006,N/A
65,02.04.2012,1B_94/2012,N/A
66,29.10.2007,8C_414/2007,N/A
67,08.05.2012,8C_259/2012,N/A
68,08.02.2013,2T_8/2012,vertreten durch Advokat Guido Ehrler
69,31.05.2007,1B_71/2007,N/A
70,08.10.2007,4D_47/2007,N/A
71,19.09.2012,2D_51/2012,N/A
72,21.12.2015,1F_31/2015,N/A
73,21.01.2016,6B_1334/2015,N/A
74,24.02.2009,1C_586/2008,N/A
75,20.12.2013,1C_807/2013,N/A
76,23.09.2008,6B_639/2008,N/A
77,12.01.2009,5D_177/2008,N/A
78,14.07.2015,6B_582/2015,N/A
79,04.05.2009,6B_213/2009,N/A
80,30.04.2007,4A_65/2007,N/A
81,07.12.2009,1B_231/2009,N/A
82,25.05.2012,9C_349/2012,N/A
83,07.01.2008,2A.665/2006,vertreten durch Fürsprecher Thomas Tribolet
84,19.05.2009,5A_336/2009,N/A
85,05.07.2012,5D_118/2012,vertreten durch Rechtsanwalt Damian Keel
86,16.03.2016,1B_89/2016,N/A
87,30.08.2012,1C_340/2012,N/A
88,30.03.2015,6B_222/2015,N/A
89,30.09.2014,5D_146/2014,N/A
90,08.12.2016,1C_111/2016,N/A
91,05.07.2011,2C_951/2010,N/A
92,04.08.2014,4A_217/2014,vertreten durch Rechtsanwalt Pierre André
93,14.12.2009,9C_1030/2009,N/A
94,20.10.2011,5A_731/2011,N/A
95,19.03.2010,8C_1080/2009,N/A
96,09.12.2016,6B_500/2016,N/A
97,20.05.2008,2C_333/2008,N/A
98,03.06.2008,2D_48/2008,N/A
99,09.03.2012,4A_538/2011,"vertreten durch
Rechtsanwalt Valentin Schumacher"
100,24.06.2011,2C_525/2011,N/A
101,08.12.2016,4A_393/2016,vertreten durch Rechtsanwalt Peter Rütimann
102,16.04.2007,6B_95/2007,N/A
103,04.07.2014,9C_424/2014,N/A
104,24.07.2012,6B_391/2012,N/A
105,07.09.2012,5F_7/2012,N/A
106,29.03.2012,8C_94/2012,vertreten durch Rechtsanwalt Christos Antoniadis
107,16.05.2008,6B_264/2008,vertreten durch Rechtsanwältin Bettina Schmid
108,04.11.2011,1C_302/2011,vertreten durch Rechtsanwältin Astrid David
109,16.12.2016,1B_477/2016,N/A
110,09.01.2008,2C_12/2008,"vertreten durch Advokat
Daniel Tschopp"
111,16.07.2010,5A_281/2010,vertreten durch Rechtsanwalt Josef Schaller
112,15.12.2016,5A_952/2016,N/A
113,03.11.2008,2D_93/2008,N/A
114,08.05.2008,8C_745/2007,N/A
115,27.03.2009,5A_118/2009,N/A
116,11.04.2008,6B_142/2008,N/A
117,02.07.2008,1B_160/2008,N/A
118,23.05.2008,4D_60/2008,N/A
119,23.12.2011,9C_873/2011,N/A
120,20.02.2013,2C_42/2013,N/A
121,26.03.2015,6B_82/2015,vertreten durch Advokat Marco Albrecht
122,14.01.2009,2C_726/2008,vertreten durch Rechtsanwalt Eduard M
123,03.12.2012,2C_1130/2012,N/A
124,18.06.2008,1C_100/2008,N/A
125,25.08.2009,8C_939/2008,vertreten durch Fürsprecherin Katerina Baumann
126,22.07.2014,5A_590/2014,vertreten durch die Zentrale Inkassostelle
127,12.03.2010,2C_658/2009,vertreten durch Rechtsanwalt Frank Zellweger
128,16.11.2012,2C_386/2012,N/A
129,06.10.2011,6F_13/2011,N/A
130,17.02.2012,1C_96/2012,N/A
131,25.04.2014,2D_30/2014,N/A
132,14.07.2014,4A_130/2014,vertreten durch Rechtsanwalt Michael Bader
133,13.11.2007,6B_506/2007,N/A
134,01.09.2007,6G_2/2007,vertreten durch Rechtsanwalt Eliano Mussato
135,07.06.2011,9C_125/2011,vertreten durch Rechtsanwalt Gian Andrea
136,18.10.2010,9C_769/2010,N/A
137,15.05.2012,2C_314/2012,N/A
138,09.05.2016,1B_164/2016,N/A
139,11.02.2010,1C_423/2009,N/A
140,02.03.2010,8C_623/2009,vertreten durch Rechtsanwältin Marianne I
141,18.05.2015,8C_908/2014,N/A
142,17.06.2008,6B_62/2008,N/A
143,24.08.2012,2T_3/2012,N/A
144,09.01.2009,4A_460/2008,vertreten durch Rechtsanwalt Christian Jenny
145,20.01.2016,4D_81/2015,N/A
146,06.04.2010,6B_243/2010,N/A
147,15.10.2008,9C_561/2008,N/A
148,18.03.2014,6B_146/2014,N/A
149,19.02.2008,8C_585/2007,N/A
150,12.08.2014,1C_105/2014,vertreten durch den Vorsteher des
151,27.05.2008,8C_86/2008,N/A
152,09.09.2008,8C_584/2007,N/A
153,14.09.2016,4A_243/2013,vertreten durch Advokat Philippe Zogg
154,27.03.2014,1C_104/2014,N/A
155,23.06.2009,8C_471/2009,N/A
156,09.04.2008,9C_125/2007,N/A
157,14.04.2008,2D_34/2008,N/A
158,19.05.2008,4A_135/2008,N/A
159,18.08.2015,6B_810/2014,N/A
160,12.03.2008,8C_15/2008,N/A
161,20.12.2013,5A_886/2013,N/A
162,16.02.2011,1C_72/2011,N/A
163,08.04.2009,1C_28/2009,vertreten durch Fürsprecher Beat Widmer
164,16.03.2015,4A_636/2014,vertreten durch Rechtsanwalt Daniele Favalli
165,09.04.2009,1C_29/2009,N/A
166,05.03.2010,8C_108/2010,N/A
167,11.12.2007,5A_325/2007,vertreten durch Fürsprecherin Susanna Kaiser
168,08.01.2008,6B_755/2007,vertreten durch Rechtsanwalt Jost Frigo
169,15.06.2007,2C_131/2007,N/A
170,14.10.2013,5F_22/2013,N/A
171,06.08.2007,2A.30/2007,N/A
172,08.12.2011,1C_544/2011,N/A
173,07.07.2008,5A_234/2008,vertreten durch Rechtsanwalt Cyrill Egli
174,01.03.2007,4A_19/2007,N/A
175,15.06.2010,8C_487/2010,N/A
176,13.08.2012,2C_49/2012,vertreten durch Beratungsstelle für Ausländer
177,03.02.2010,4A_13/2010,N/A
178,16.12.2016,6B_1393/2016,N/A
179,14.07.2009,4A_198/2009,N/A
180,18.10.2010,2C_793/2010,N/A
181,20.02.2012,6B_44/2012,N/A
182,09.12.2016,6B_849/2016,vertreten durch Rechtsanwalt Stephan A
183,19.03.2013,1B_33/2013,N/A
184,08.12.2016,4A_684/2016,vertreten durch Rechtsanwältin Sarah Schläppi
185,01.02.2013,1B_32/2013,N/A
186,15.02.2016,2C_979/2015,vertreten durch Rechtsanwalt Mario Weber
187,09.02.2009,1C_521/2008,N/A
188,28.10.2013,1C_298/2013,N/A
189,04.04.2008,8C_188/2008,N/A
190,22.03.2010,9C_66/2010,vertreten durch Rechtsanwalt Markus Bischoff
191,30.09.2009,1B_205/2009,N/A
192,28.12.2015,9C_601/2015,vertreten durch Rechtsanwalt Markus Schmid
193,30.04.2014,8C_855/2013,vertreten durch Rechtsanwalt Jürg Senn
194,08.06.2016,4A_284/2016,N/A
195,14.05.2012,8C_32/2012,N/A
196,08.12.2015,1C_609/2015,N/A
197,06.03.2009,9C_1073/2008,N/A
198,03.08.2012,1B_426/2012,N/A
199,13.11.2012,1B_640/2012,N/A
200,05.05.2011,1B_94/2011,vertreten durch Fürsprecher Jürg Friedli
201,15.04.2014,9C_757/2013,vertreten durch Rechtsanwalt David Husmann
202,26.04.2016,4A_178/2016,N/A
203,08.11.2011,2D_51/2011,N/A
204,22.06.2015,5A_492/2015,N/A
205,20.05.2011,4A_151/2011,N/A
206,07.10.2009,1C_265/2009,N/A
207,21.04.2016,2C_164/2016,vertreten durch Rechtsanwalt Adrian Glatthard
208,27.06.2011,1B_321/2011,N/A
209,08.06.2010,5A_358/2010,N/A
210,04.10.2012,8C_739/2012,N/A
211,16.02.2010,4A_521/2009,N/A
212,19.10.2012,2C_1033/2012,N/A
213,29.04.2010,4A_64/2010,N/A
214,04.06.2009,8C_756/2008,vertreten durch Rechtsanwalt Alex Beeler
215,04.12.2007,2D_81/2007,"vertreten durch
Fürsprecher Beat Gerber"
216,28.08.2012,8F_10/2012,N/A
217,20.08.2012,8F_11/2012,N/A
218,20.04.2010,5A_620/2009,N/A
219,13.10.2016,5A_653/2016,N/A
220,06.11.2009,4F_12/2009,N/A
221,04.06.2013,1B_363/2012,N/A
222,19.04.2010,8C_136/2010,vertreten durch Rechtsanwalt Rudolf Sutter
223,24.04.2015,6B_369/2015,N/A
224,08.12.2016,2C_693/2016,N/A
225,30.04.2012,9C_291/2012,vertreten durch Fürsprecherin Andrea Lanz
226,09.12.2016,8C_348/2016,vertreten durch Fürsprecher Herbert Schober
227,16.12.2016,6B_1330/2016,N/A
228,03.09.2014,5A_667/2014,vertreten durch Rechtsanwalt Martin Schwaller
229,07.01.2016,2C_615/2014,vertreten durch das Eidgenössisches Departement
230,24.08.2012,8C_364/2012,vertreten durch Rechtsanwalt Thomas Laube
231,22.04.2010,6B_112/2010,N/A
232,03.06.2015,2C_496/2015,N/A
233,18.07.2008,8C_291/2008,N/A
234,02.03.2016,5A_874/2015,N/A
235,05.03.2008,6B_149/2008,vertreten durch Rechtsanwalt Eric Stern
236,28.12.2011,9C_939/2011,N/A
237,20.06.2012,8C_956/2011,N/A
238,08.07.2008,9C_897/2007,N/A
239,20.06.2014,6B_356/2014,N/A
240,25.03.2010,2C_688/2009,N/A
241,07.08.2008,6B_193/2008,N/A
242,17.09.2015,8C_396/2015,N/A
243,26.03.2014,9C_33/2014,vertreten durch Rechtsanwalt Martin Hablützel
244,13.03.2015,6B_52/2015,N/A
245,25.06.2012,6B_200/2012,N/A
246,19.12.2013,1C_905/2013,N/A
247,27.06.2014,8C_373/2014,vertreten durch Fürsprecherin Daniela Mathys
248,03.06.2008,8C_63/2008,N/A
249,04.03.2011,2C_172/2011,N/A
250,03.06.2009,2D_35/2009,N/A
251,01.07.2010,2C_558/2010,N/A
252,06.08.2008,8C_707/2007,vertreten durch Advokat Erich Züblin
253,02.06.2008,1B_123/2008,vertreten durch Rechtsanwalt Pablo Blöchlinger
254,15.11.2016,1C_480/2016,N/A
255,17.04.2015,4A_640/2014,N/A
256,21.12.2012,2F_23/2012,N/A
257,05.01.2016,1B_430/2015,N/A
258,14.02.2012,4A_2/2012,N/A
259,03.04.2014,1C_18/2014,vertreten durch Rechtsanwalt Patrick Schaerz
260,09.02.2010,4A_607/2009,N/A
261,19.08.2010,4A_315/2010,N/A
262,17.11.2009,4A_503/2009,N/A
263,09.10.2015,8C_555/2015,N/A
264,20.03.2012,5A_12/2012,N/A
265,15.02.2012,8C_650/2011,"vertreten durch
Rechtsanwalt Matthias Horschik"
266,19.08.2015,1B_260/2015,N/A
267,25.03.2014,4F_4/2014,N/A
268,12.12.2012,2D_47/2012,N/A
269,23.05.2013,1B_66/2013,N/A
270,22.04.2015,2C_314/2015,N/A
271,22.11.2012,2C_594/2012,vertreten durch GTA Global Tax
272,19.02.2009,2C_606/2008,vertreten durch Fürsprecher Enrico Dalla
273,17.09.2007,8C_403/2007,N/A
274,22.12.2008,1C_574/2008,vertreten durch Rechtsanwalt Gregor Meisser
275,24.03.2011,5A_204/2011,N/A
276,05.03.2009,2D_134/2008,N/A
277,06.09.2016,8C_613/2012,vertreten durch Rechtsanwalt Jakob Frauenfelder
278,26.05.2008,9C_68/2008,N/A
279,15.07.2014,1C_866/2013,N/A
280,03.12.2007,9C_698/2007,N/A
281,16.09.2014,5F_17/2014,N/A
282,10.09.2012,6B_363/2012,N/A
283,02.05.2008,6B_749/2007,N/A
284,29.04.2008,6B_296/2008,N/A
285,08.09.2008,9C_612/2008,N/A
286,18.01.2007,1P.751/2006,N/A
287,29.10.2010,5A_727/2010,vertreten durch Rechtsanwalt Andreas Schläpfer
288,13.12.2016,5A_325/2016,N/A
289,17.03.2009,1C_117/2009,N/A
290,12.10.2007,9C_424/2007,N/A
291,16.12.2016,6B_654/2016,N/A
292,14.02.2012,1C_65/2012,N/A
293,08.07.2008,2C_280/2008,N/A
294,20.03.2012,2C_806/2011,N/A
295,07.06.2014,2C_511/2014,N/A
296,30.10.2012,1B_532/2012,N/A
297,11.12.2007,5A_278/2007,N/A
298,01.09.2008,4D_92/2008,N/A
299,25.01.2012,2C_55/2012,N/A
300,22.11.2016,1C_431/2016,N/A
301,09.12.2016,5D_200/2016,N/A
302,08.12.2016,1B_289/2016,N/A
303,04.06.2008,8C_378/2007,N/A
304,04.01.2010,2E_2/2009,N/A
305,28.02.2008,1B_36/2008,vertreten durch Rechtsanwalt Jürg Federspiel
306,07.09.2011,2C_151/2011,N/A
307,20.01.2016,6B_1286/2015,N/A
308,25.02.2014,8C_725/2013,"vertreten durch
Rechtsanwalt Silvan Meier"
309,06.08.2008,8C_724/2007,N/A
310,29.05.2009,2D_17/2009,N/A
311,29.12.2015,6B_1287/2015,N/A
312,23.10.2013,5A_624/2013,N/A
313,22.08.2012,5D_131/2012,N/A
314,12.12.2008,8C_453/2008,N/A
315,04.06.2014,8C_848/2013,vertreten durch Helsana Rechtsschutz AG
316,13.09.2007,1C_217/2007,N/A
317,05.09.2008,8C_106/2008,vertreten durch Rechtsanwalt Reto Caflisch
318,08.11.2007,2C_303/2007,N/A
319,25.09.2007,2D_78/2007,N/A
320,21.10.2009,4G_2/2009,N/A
321,05.01.2009,4D_130/2008,vertreten durch Rechtsanwalt Josef Schaller
322,15.06.2016,8C_191/2016,vertreten durch Rechtsanwalt Bruno Habegger
323,30.06.2008,5D_60/2008,vertreten durch die Steuerverwaltung der
324,07.10.2009,6F_4/2009,N/A
325,12.09.2016,6B_662/2016,N/A
326,22.10.2009,4D_130/2009,N/A
327,09.06.2009,2C_213/2009,vertreten durch Fürsprecher Ulrich Seiler
328,16.04.2012,8C_270/2012,N/A
329,06.05.2008,5A_285/2008,N/A
330,15.06.2007,2A.80/2007,N/A
331,04.03.2014,4A_552/2013,N/A
332,19.05.2008,1C_184/2008,vertreten durch Rechtsanwalt Matthias Hotz
333,03.01.2008,5A_4/2008,vertreten durch Kantonales Steueramt Zürich
334,23.04.2012,2C_303/2012,N/A
335,12.10.2009,4A_395/2009,N/A
336,22.05.2012,9C_385/2012,N/A
337,12.08.2008,9C_270/2008,vertreten durch Fürsprecher Ulrich Seiler
338,18.02.2014,4A_9/2014,N/A
339,03.03.2010,1F_4/2010,vertreten durch Rechtsanwältin Jacqueline Moser
340,15.12.2009,5A_553/2009,vertreten durch Fürsprecher Kurt Bonaria
341,20.03.2008,2D_17/2008,N/A
342,10.04.2008,4A_117/2008,N/A
343,24.09.2007,9C_361/2007,N/A
344,03.09.2014,8C_327/2014,N/A
345,02.06.2008,8C_534/2007,vertreten durch Rechtsanwalt Bruno A
346,08.12.2016,1C_616/2015,N/A
347,17.05.2011,5A_333/2011,N/A
348,18.03.2016,5A_868/2015,N/A
349,25.04.2008,8C_535/2007,N/A
350,09.12.2016,6B_917/2016,vertreten durch Rechtsanwalt Oskar Müller
351,09.02.2010,8F_14/2009,N/A
352,02.07.2008,2C_620/2007,N/A
353,27.10.2008,2D_84/2008,N/A
354,12.12.2011,5D_197/2011,N/A
355,13.05.2008,6B_510/2007,N/A
356,08.11.2007,2C_375/2007,N/A
357,06.12.2007,5A_160/2007,vertreten durch Fürsprecher Daniel Bögli
358,30.05.2008,6B_776/2007,N/A
359,22.02.2012,1C_80/2012,N/A
360,23.11.2015,2C_980/2015,N/A
361,26.02.2008,5D_17/2008,N/A
362,16.12.2016,6B_79/2016,vertreten durch Rechtsanwalt Thomas Zogg
363,07.12.2009,6B_1034/2009,N/A
364,25.04.2008,5A_216/2008,N/A
365,24.06.2011,2C_533/2011,N/A
366,12.02.2008,4A_481/2007,vertreten durch Fürsprecher Peter Widmer
367,04.08.2008,8C_347/2007,N/A
368,13.10.2010,4A_362/2010,N/A
369,28.08.2008,6B_541/2008,N/A
370,20.05.2008,2C_324/2008,N/A
371,18.02.2014,8C_347/2013,N/A
372,04.08.2008,8C_346/2007,N/A
373,11.02.2010,4A_575/2009,vertreten durch Rechtsanwalt Louis H
374,02.07.2007,5A_247/2007,N/A
375,26.02.2009,4A_591/2008,N/A
376,10.03.2011,8C_114/2011,vertreten durch den Stadtrat von
377,23.09.2008,2C_671/2008,N/A
378,09.02.2016,2C_92/2016,N/A
379,24.03.2014,5A_192/2014,N/A
380,28.03.2012,9C_925/2011,vertreten durch Rechtsanwalt Pierre Tobler
381,08.04.2009,9C_598/2008,N/A
382,12.05.2015,5A_382/2015,N/A
383,28.06.2013,2C_594/2013,N/A
384,06.10.2015,6G_2/2015,N/A
385,18.03.2008,6B_558/2007,"vertreten durch Fürsprecher
Philipp Kunz"
386,30.09.2013,1C_229/2013,vertreten durch Rechtsanwalt Thomas Hess
387,22.11.2012,1B_663/2012,N/A
388,07.12.2015,1B_284/2015,vertreten durch Rechtsanwalt Adrian Rufener
389,29.02.2012,9C_138/2012,N/A
390,20.04.2016,2C_321/2016,N/A
391,18.04.2007,4C.35/2007,N/A
392,26.10.2009,9C_877/2009,N/A
393,25.05.2010,1B_164/2010,N/A
394,22.10.2010,4A_559/2010,N/A
395,26.07.2012,2C_723/2012,vertreten durch Rechtsanwalt Luc Gheysens
396,19.07.2011,9C_512/2011,N/A
397,31.01.2012,2C_1010/2011,N/A
398,27.04.2015,6B_308/2015,N/A
399,23.04.2012,1B_53/2012,N/A
400,13.12.2011,2C_1011/2011,vertreten durch Beratungsstelle für Ausländer
401,27.04.2015,1F_12/2015,N/A
402,09.02.2009,2C_46/2009,N/A
403,04.02.2014,4D_81/2013,N/A
404,06.05.2014,8C_253/2014,N/A
405,11.11.2009,5A_640/2009,N/A
406,19.08.2009,5A_426/2009,N/A
407,25.02.2016,6B_39/2016,N/A
408,16.03.2010,6F_23/2009,N/A
409,30.08.2007,1B_181/2007,N/A
410,12.04.2010,4A_449/2009,N/A
411,01.06.2010,1B_150/2010,N/A
412,12.11.2007,2F_8/2007,N/A
413,15.11.2007,4A_426/2007,vertreten durch Rechtsanwalt Joachim Lerf
414,08.02.2007,1P.574/2006,vertreten durch Rechtsanwalt Jürg Bettoni
415,17.06.2009,9C_440/2009,N/A
416,27.03.2013,1C_172/2013,N/A
417,09.11.2015,5A_886/2015,N/A
418,04.03.2011,6B_104/2011,N/A
419,14.02.2012,1C_412/2011,N/A
420,05.09.2008,6B_575/2008,N/A
421,17.10.2014,9C_648/2013,vertreten durch Rechtsanwalt David Husmann
422,02.07.2012,4A_31/2012,N/A
423,29.11.2011,1C_146/2011,vertreten durch Fürsprech Dieter Trümpy
424,07.07.2011,6B_8/2011,vertreten durch Rechtsanwalt Ivo Wiesendanger
425,08.02.2012,4A_30/2012,N/A
426,24.10.2012,1B_390/2012,N/A
427,29.03.2010,5A_824/2009,vertreten durch Fürsprecher Felix Thommen
428,11.09.2015,2C_131/2015,N/A
429,19.12.2016,1B_458/2016,vertreten durch Rechtsanwalt Kenad Melunovic
430,13.09.2012,1B_479/2012,N/A
431,17.08.2011,6B_964/2010,N/A
432,15.03.2010,5A_184/2010,N/A
433,10.01.2011,2C_391/2010,vertreten durch Rechtsanwalt Thomas Brauchli
434,17.04.2012,9C_145/2012,vertreten durch Rechtsanwalt Bruno Bauer
435,30.04.2008,1B_75/2008,N/A
436,30.03.2008,6B_161/2008,N/A
437,24.02.2016,5A_149/2016,N/A
438,14.12.2016,1B_381/2016,N/A
439,29.01.2009,1C_345/2008,N/A
440,15.06.2011,1B_200/2011,N/A
441,16.04.2008,5A_223/2008,N/A
442,08.12.2016,6B_1160/2016,N/A
443,16.12.2014,1B_386/2014,vertreten durch Rechtsanwalt Christoph Vettiger
444,08.12.2016,4D_70/2016,vertreten durch Rechtsanwalt Matthias Fricker
445,30.04.2015,6B_126/2015,N/A
446,09.12.2016,8C_197/2016,N/A
447,24.11.2007,6B_743/2007,N/A
448,18.01.2011,2C_55/2011,N/A
449,05.08.2016,6B_833/2016,N/A
450,22.01.2008,2C_340/2007,N/A
451,28.07.2010,4A_285/2010,N/A
452,15.05.2012,1C_223/2012,vertreten durch die Motorfahrzeugkontrolle des
453,14.02.2012,2C_150/2012,vertreten durch Rechtsanwältin Johanna Rausch
454,13.02.2008,5A_76/2008,N/A
455,29.05.2009,9C_576/2008,N/A
456,15.01.2010,2C_23/2010,N/A
457,26.04.2010,2F_2/2010,vertreten durch Rechtsanwalt Lars Heidbrink
458,20.07.2010,6B_567/2010,N/A
459,09.06.2011,8C_295/2011,N/A
460,10.09.2012,9C_519/2012,N/A
461,29.06.2012,9C_518/2012,N/A
462,24.03.2011,1B_58/2011,N/A
463,23.03.2009,4D_35/2009,N/A
464,27.08.2012,5A_611/2012,N/A
465,04.01.2016,4A_656/2015,vertreten durch Rechtsanwalt Franz Peter
466,14.05.2008,9C_244/2008,N/A
467,12.10.2013,8C_592/2013,N/A
468,17.02.2011,8C_1055/2010,vertreten durch Rechtsanwalt Markus Bischoff
469,07.11.2007,2C_404/2007,N/A
470,20.04.2015,2C_261/2015,N/A
471,13.03.2015,5A_212/2015,N/A
472,14.12.2012,2C_687/2012,vertreten durch Fürsprecher Henrik P
473,05.03.2007,5A_18/2007,N/A
474,09.08.2011,4F_16/2011,N/A
475,18.07.2008,6B_443/2008,vertreten durch Rechtsanwalt René Hufschmid
476,26.10.2009,4A_477/2009,N/A
477,03.07.2014,4A_303/2014,vertreten durch Rechtsanwalt Alexander Jolles
478,21.01.2016,1C_447/2015,vertreten durch Rechtsanwalt Christian Perrig
479,12.05.2015,4A_113/2015,N/A
480,09.12.2016,5D_201/2016,N/A
481,09.10.2008,9C_87/2008,N/A
482,16.10.2007,6B_368/2007,N/A
483,23.04.2012,2C_340/2012,N/A
484,24.02.2014,1B_32/2014,N/A
485,09.12.2016,1B_455/2016,N/A
486,16.06.2014,9C_676/2013,N/A
487,17.08.2010,6B_59/2010,N/A
488,27.03.2014,6B_951/2013,N/A
489,28.05.2008,2D_54/2008,N/A
490,14.12.2016,9C_829/2016,vertreten durch Rechtsanwalt Alex Beeler
491,07.07.2008,2D_55/2008,N/A
492,08.06.2010,1C_261/2010,N/A
493,18.03.2008,6B_184/2008,N/A
494,16.12.2016,8C_680/2016,vertreten durch Rechtsanwalt Daniel Vonesch
495,26.09.2011,9C_703/2011,N/A
496,02.02.2009,5A_825/2008,N/A
497,12.04.2010,6B_82/2010,N/A
498,13.11.2009,5A_636/2009,N/A
499,08.02.2007,5C.317/2006,N/A
500,18.07.2012,4A_386/2012,vertreten durch Rechtsanwalt Daniel Vonesch
501,25.01.2010,1B_265/2009,"vertreten durch Rechtsanwalt
Peter Volkart"
502,14.06.2007,5A_296/2007,N/A
503,28.04.2008,9C_737/2007,N/A
504,25.02.2008,6B_811/2007,vertreten durch Fürsprecher Daniel Buchser
505,06.07.2009,4D_98/2009,N/A
506,03.10.2007,8C_397/2007,N/A
507,15.02.2012,9C_33/2012,N/A
508,26.09.2012,6B_464/2012,N/A
509,24.03.2015,2C_92/2015,N/A
510,23.12.2011,5A_900/2011,N/A
511,27.10.2007,6B_412/2007,N/A
512,27.12.2007,1B_299/2007,N/A
513,20.12.2012,2C_1243/2012,N/A
514,01.09.2008,2C_366/2008,vertreten durch Rechtsanwalt Marco Bivetti
515,07.05.2012,9C_791/2011,vertreten durch Rechtsanwalt Daniel Christe
516,20.03.2008,9C_187/2008,N/A
517,02.04.2012,1B_181/2012,vertreten durch Rechtsanwalt Till Gontersweiler
518,12.05.2011,5A_230/2011,vertreten durch Rechtsanwalt Christian Meier
519,02.04.2012,2C_308/2012,N/A
520,27.12.2007,1B_302/2007,N/A
521,14.01.2008,4A_1/2008,vertreten durch Rechtsanwalt Andrin Hofstetter
522,07.06.2010,5D_75/2010,vertreten durch die Zentrale Gerichtskasse
523,14.07.2014,5A_171/2014,N/A
524,14.08.2008,9C_869/2007,N/A
525,23.05.2007,2D_37/2007,N/A
526,26.02.2008,1C_258/2007,vertreten durch Rechtsanwalt Amadeus Klein
527,22.11.2012,2C_500/2012,N/A
528,14.02.2012,1B_17/2012,N/A
529,05.11.2012,2C_1084/2012,N/A
530,25.01.2016,2C_5/2016,N/A
531,25.01.2010,2C_519/2009,vertreten durch Rechtsanwalt Urs Ebnöther
532,28.12.2007,8C_151/2007,"vertreten durch Rechtsanwalt
Bruno Burch"
533,19.12.2008,9C_871/2008,N/A
534,30.10.2012,2C_1017/2012,N/A
535,02.10.2013,1C_136/2013,N/A
536,16.08.2010,9C_212/2010,N/A
537,25.06.2007,5A_236/2007,N/A
538,18.05.2016,9C_123/2016,N/A
539,06.08.2012,2D_40/2012,N/A
540,08.10.2013,1C_604/2013,vertreten durch Rechtsanwalt Andreas Flütsch
541,08.10.2010,8C_729/2010,N/A
542,22.03.2012,9C_954/2011,vertreten durch Rechtsdienst Integration Handicap
543,04.12.2014,6B_902/2014,N/A
544,09.06.2009,1C_159/2009,N/A
545,05.06.2012,6B_733/2011,N/A
546,13.08.2012,1B_294/2012,N/A
547,12.12.2008,2C_741/2008,vertreten durch Rechtsanwalt Gabriel Püntener
548,20.05.2008,6B_342/2008,N/A
549,21.11.2012,1B_295/2012,vertreten durch Rechtsanwältin Ruth Lanz
550,12.12.2016,1B_342/2016,N/A
551,08.06.2011,8C_243/2011,vertreten durch Rechtsanwalt Eros Tomasini
552,26.02.2008,1B_271/2007,N/A
553,13.12.2016,8C_799/2016,vertreten durch Advokat Guido Ehrler
554,02.10.2015,1B_326/2015,N/A
555,08.02.2012,8C_570/2011,vertreten durch Rechtsanwalt Marco Unternährer
556,13.07.2010,5D_103/2010,N/A
557,02.04.2008,8C_277/2007,N/A
558,24.02.2010,8C_929/2009,vertreten durch Rechtsanwalt Philip Stolkin
559,20.12.2010,5A_897/2010,N/A
560,15.12.2011,5A_873/2011,N/A
561,16.12.2015,4A_346/2015,N/A
562,03.04.2008,2C_759/2007,N/A
563,09.06.2011,2C_490/2011,N/A
564,19.03.2009,9C_533/2008,N/A
565,19.07.2011,2C_491/2011,vertreten durch Rechtsanwalt Michael Steiner
566,30.04.2008,2C_287/2008,N/A
567,26.12.2008,6B_872/2008,N/A
568,20.01.2009,1B_5/2009,N/A
569,09.03.2007,1P.342/2006,N/A
570,13.05.2009,4A_182/2009,N/A
571,23.04.2013,4A_210/2013,N/A
572,05.10.2012,9C_192/2012,N/A
573,16.11.2009,1B_170/2009,N/A
574,22.07.2008,1C_209/2008,vertreten durch Advokat Michel de
575,04.04.2016,1B_102/2016,N/A
576,15.12.2008,1B_317/2008,N/A
577,16.07.2008,4D_70/2008,N/A
578,23.08.2012,9C_311/2012,vertreten durch Advokat Daniel Olstein
579,29.01.2008,1B_4/2008,vertreten durch Rechtsanwalt Cornel Wehrli
580,04.02.2016,5D_169/2015,N/A
581,24.03.2015,6B_1212/2014,N/A
582,30.12.2015,9C_900/2015,N/A
583,04.04.2011,5A_68/2011,vertreten durch Rechtsanwältin Bibiane Egg
584,29.04.2016,1C_187/2016,N/A
585,12.06.2007,5A_300/2007,vertreten durch das Steueramt der
586,20.04.2007,4C.375/2006,N/A
587,19.05.2008,1C_110/2008,N/A
588,12.09.2008,6B_660/2008,N/A
589,04.06.2009,8C_192/2009,N/A
590,26.05.2010,4A_433/2009,N/A
591,06.12.2012,1B_543/2012,vertreten durch Rechtsanwalt Martino Luminati
592,23.05.2008,1C_183/2008,vertreten durch den Stadtrat von
593,19.06.2013,2C_548/2013,vertreten durch Rechtsanwalt Hans Hofstetter
594,26.02.2008,5A_45/2008,N/A
595,02.02.2007,5P.530/2006,N/A
596,20.03.2012,2C_876/2011,N/A
597,21.08.2008,5A_283/2008,vertreten durch Rechtsanwalt Urs Bertschinger
598,30.04.2013,1B_168/2013,N/A
599,13.12.2016,5A_655/2016,N/A
600,11.10.2007,1C_108/2007,vertreten durch Advokaten Werner Rufi
601,22.07.2014,6B_650/2014,N/A
602,08.08.2012,4F_11/2012,N/A
603,12.12.2016,8C_566/2016,vertreten durch Rechtsanwalt Alex Beeler
604,14.04.2008,6B_678/2007,vertreten durch Rechtsanwalt Peter Niederberger
605,01.11.2011,2C_527/2009,N/A
606,08.06.2011,6B_319/2011,N/A
607,28.11.2012,2C_1169/2012,vertreten durch Khalid Mahmood Qureshi
608,27.02.2014,5A_971/2013,N/A
609,20.10.2011,8C_728/2011,N/A
610,02.05.2012,1C_136/2012,N/A
611,17.05.2010,4D_62/2010,N/A
612,16.09.2015,1B_283/2015,vertreten durch Rechtsanwalt Eduard M
613,18.04.2008,4D_38/2008,N/A
614,24.07.2008,2C_519/2008,N/A
615,23.06.2008,9C_773/2007,N/A
616,26.02.2013,1G_1/2013,N/A
617,20.06.2011,8C_55/2011,vertreten durch Rechtsanwalt David Brassel
618,02.12.2008,8C_869/2008,N/A
619,18.09.2012,1B_490/2012,N/A
620,14.06.2007,1G_1/2007,N/A
621,05.02.2010,1C_69/2010,N/A
622,11.12.2007,6B_630/2007,N/A
623,04.05.2015,6B_48/2015,N/A
624,12.10.2007,9C_586/2007,vertreten durch Rechtsanwalt Dominique Chopard
625,16.06.2016,9C_401/2016,N/A
626,18.03.2008,6B_364/2007,vertreten durch Rechtsanwalt Matthias Brunner
627,15.07.2010,5D_91/2010,N/A
628,02.02.2016,5F_11/2015,vertreten durch Rechtsanwältin Stephanie Selig
629,03.05.2013,1B_121/2013,N/A
630,11.01.2008,5A_715/2007,N/A
631,17.02.2011,8C_112/2011,N/A
632,14.02.2014,8C_472/2013,vertreten durch Fürsprecherin Barbara Künzi
633,10.07.2008,5A_462/2008,N/A
634,24.06.2010,2C_881/2008,N/A
635,20.12.2011,1C_174/2011,N/A
636,26.05.2011,5D_74/2011,N/A
637,08.07.2009,9C_446/2009,vertreten durch die Finanzdirektion des
638,08.12.2008,8F_18/2008,N/A
639,03.09.2014,9C_154/2014,vertreten durch Rechtsanwalt Andreas Gnädinger
640,07.02.2011,1B_17/2011,N/A
641,27.10.2015,5D_187/2015,vertreten durch das Steueramt der
642,12.08.2008,5A_364/2008,N/A
643,28.10.2010,9C_868/2010,N/A
644,06.10.2011,1C_414/2011,N/A
645,02.03.2012,6B_631/2011,vertreten durch die Rechtsanwälte André
646,10.07.2008,5A_457/2008,N/A
647,19.10.2011,1C_327/2011,vertreten durch Rechtsanwalt Thomas Spörli
648,23.03.2011,5D_41/2011,vertreten durch Zentrale Gerichtskasse Solothurn
649,30.11.2011,1B_474/2011,vertreten durch Rechtsanwalt Gregor Marcolli
650,11.01.2011,2C_618/2010,vertreten durch Rechtsanwalt Fritz Heeb
651,22.03.2011,5D_40/2011,vertreten durch die Zentrale Gerichtskasse
652,09.04.2009,6B_879/2008,"vertreten durch
Rechtsanwalt Thomas Gattlen"
653,08.06.2007,6B_136/2007,N/A
654,04.11.2013,1B_373/2013,N/A
655,02.12.2013,5D_225/2013,vertreten durch die Eidgenössische Finanzverwaltung
656,09.08.2011,5A_14/2011,N/A
657,24.01.2014,1C_37/2014,N/A
658,20.06.2008,4A_202/2008,N/A
659,23.08.2010,4A_258/2010,vertreten durch Rechtsanwalt Matthias Miescher
660,12.03.2010,8C_17/2010,"vertreten durch
Rechtsanwalt Dominique Chopard"
661,14.10.2014,8C_567/2014,N/A
662,26.07.2012,1B_436/2012,N/A
663,19.03.2013,6B_672/2012,N/A
664,29.10.2012,2C_331/2012,vertreten durch Fürsprecher Peter Huber
665,01.06.2010,2C_24/2010,N/A
666,13.12.2016,8C_153/2016,N/A
667,24.02.2009,6B_97/2009,N/A
668,13.12.2016,8C_473/2016,N/A
669,12.12.2016,9C_527/2016,vertreten durch Advokat Erich Züblin
670,21.10.2010,4F_11/2010,N/A
671,25.04.2012,2C_11/2012,N/A
672,23.11.2015,2C_1034/2015,vertreten durch Rechtsanwalt Stefan Wehrenberg
673,13.04.2016,1B_141/2016,N/A
674,04.07.2008,8C_485/2008,N/A
675,22.05.2008,4A_11/2008,N/A
676,01.10.2007,5D_103/2007,N/A
677,15.06.2011,5A_392/2011,N/A
678,25.02.2014,2D_8/2014,N/A
679,22.10.2007,1B_232/2007,N/A
680,25.03.2015,4A_627/2014,N/A
681,16.12.2008,9C_478/2008,N/A
682,22.05.2013,2C_474/2013,N/A
683,08.07.2014,5A_897/2013,vertreten durch Rechtsanwältin Patricia Cerejo
684,01.09.2007,6B_210/2007,vertreten durch Rechtsanwältin Gabi Kink
685,09.07.2012,9C_142/2012,N/A
686,22.03.2012,9C_143/2012,N/A
687,09.09.2008,1C_343/2008,N/A
688,26.03.2010,6B_1006/2009,vertreten durch Fürsprech Beat Muralt
689,13.11.2007,5A_579/2007,vertreten durch Rechtsanwalt Serge Flury
690,26.04.2012,8C_235/2012,vertreten durch Beratungsstelle für Ausländer
691,02.02.2010,9C_64/2009,N/A
692,14.02.2008,9C_887/2007,N/A
693,09.03.2012,5A_69/2012,vertreten durch Rechtsanwältin Daniela Bifl
694,19.08.2009,8C_862/2008,N/A
695,09.12.2009,5A_770/2009,N/A
696,21.02.2007,6B_4/2007,N/A
697,30.04.2009,9C_243/2009,N/A
698,07.02.2014,6B_34/2014,N/A
699,13.07.2010,6B_585/2010,N/A
700,25.02.2016,6B_403/2015,N/A
701,17.09.2012,8C_594/2012,N/A
702,28.08.2008,5A_561/2008,N/A
703,10.09.2012,5A_494/2012,N/A
704,14.07.2008,2C_513/2008,N/A
705,12.07.2012,9C_134/2012,N/A
706,12.12.2016,9C_587/2016,N/A
707,13.12.2016,6F_32/2016,N/A
708,18.07.2008,6B_444/2008,vertreten durch Rechtsanwalt René Hufschmid
709,08.12.2016,6B_1264/2016,N/A
710,28.03.2008,5A_94/2008,vertreten durch Rechtsanwalt Matthias Gmünder
711,18.08.2014,4A_584/2013,N/A
712,23.09.2015,5A_740/2015,vertreten durch Rechtsanwalt Roger Meier
713,11.08.2008,2C_488/2008,vertreten durch Rechtsanwalt Sven Oliver
714,04.02.2010,5D_189/2009,N/A
715,13.12.2016,4A_293/2016,N/A
716,19.08.2009,9C_570/2009,N/A
717,23.05.2011,4A_282/2011,vertreten durch Fürsprecher Rolf P
718,30.03.2012,8C_180/2012,N/A
719,19.03.2010,4A_75/2010,vertreten durch Rechtsanwalt Justus H
720,08.03.2010,5D_7/2010,N/A
721,15.04.2008,6B_672/2007,N/A
722,13.06.2007,5A_202/2007,N/A
723,15.02.2016,9C_509/2015,N/A
724,03.03.2014,9C_123/2014,N/A
725,27.03.2012,2C_711/2011,vertreten durch Rechtsanwalt Peter Nideröst
726,13.02.2009,9C_845/2008,vertreten durch Rechtsanwältin Bibiane Egg
727,19.12.2012,2C_1245/2012,N/A
728,10.02.2012,2C_710/2011,N/A
729,23.09.2008,6B_763/2008,N/A
730,29.03.2012,2C_294/2012,N/A
731,03.01.2008,5A_757/2007,N/A
732,05.12.2011,4A_697/2011,N/A
733,05.02.2008,5A_756/2007,N/A
734,27.09.2013,1B_304/2013,N/A
735,22.05.2013,1C_646/2012,vertreten durch Rechtsanwalt Marc Tomaschett
736,30.09.2011,9C_704/2011,N/A
737,15.03.2012,4D_14/2012,vertreten durch Rechtsanwalt Daniel Urs
738,26.08.2016,8C_524/2016,vertreten durch Rechtsanwalt Roger Zenari
739,28.07.2009,4A_291/2009,vertreten durch Rechtsanwalt Rolf Herter
740,07.04.2010,8C_127/2010,vertreten durch Advokat Niggi Dressler
741,07.10.2014,9C_682/2014,N/A
742,24.06.2009,9C_390/2009,N/A
743,05.09.2013,1C_68/2013,vertreten durch Rechtsanwalt Stefan Metzger
744,12.10.2016,5A_642/2016,N/A
745,22.10.2015,6B_940/2015,N/A
746,19.10.2011,8C_496/2011,vertreten durch Rechtsanwältin Sabine Tormann
747,02.02.2010,1B_16/2010,N/A
748,03.10.2007,5D_91/2007,N/A
749,02.09.2008,5A_528/2008,vertreten durch Rechtsanwältin Monika Paminger
750,11.09.2015,5A_693/2015,vertreten durch die Steuerverwaltung des
751,23.06.2016,6B_98/2015,N/A
752,08.08.2008,8C_281/2008,vertreten durch Fürsprecher René Firmin
753,01.12.2009,1C_203/2009,"vertreten durch
Fürsprecher Rudolf Muggli"
754,30.05.2008,4A_457/2007,N/A
755,05.11.2008,2D_88/2008,N/A
756,13.08.2014,6F_14/2014,N/A
757,29.12.2014,6B_1219/2014,N/A
758,28.10.2013,1C_90/2013,N/A
759,20.03.2013,1B_109/2013,N/A
760,22.03.2012,5A_692/2011,vertreten durch Fürsprecher Marc Renggli
761,05.03.2014,8C_61/2014,vertreten durch Rechtsanwalt Claude Wyssmann
762,23.09.2008,2C_290/2008,vertreten durch Rechtsanwalt Rolf Müller
763,12.08.2008,9C_435/2007,N/A
764,23.01.2008,1C_295/2007,N/A
765,06.05.2015,6B_380/2015,N/A
766,24.08.2016,1C_174/2016,N/A
767,29.04.2011,9C_682/2010,N/A
768,28.10.2011,5A_709/2011,N/A
769,05.02.2010,2C_4/2010,N/A
770,25.10.2011,8C_608/2011,N/A
771,10.07.2012,1B_210/2012,N/A
772,17.08.2010,8C_419/2010,vertreten durch Fürsprecher Andreas Imobersteg
773,28.03.2011,1B_99/2011,"vertreten durch
Advokat David Schnyder"
774,12.05.2015,6B_420/2015,N/A
775,06.02.2013,2C_33/2013,N/A
776,31.03.2009,1C_424/2008,vertreten durch Advokat Werner Rufi
777,28.07.2011,2C_326/2011,N/A
778,22.07.2008,2C_530/2008,N/A
779,30.04.2010,6B_169/2010,vertreten durch Rechtsanwältin Regula Bähler
780,08.06.2015,9C_358/2015,N/A
781,26.11.2008,4D_120/2008,N/A
782,04.04.2014,1F_9/2014,N/A
783,27.02.2014,1B_84/2014,N/A
784,01.11.2016,6B_22/2016,N/A
785,07.11.2016,1C_381/2016,N/A
786,23.04.2007,5A_106/2007,N/A
787,17.02.2012,8C_701/2011,N/A
788,06.03.2012,4F_3/2012,N/A
789,22.11.2012,1F_21/2012,N/A
790,19.03.2008,1C_53/2008,N/A
791,03.09.2013,8C_589/2013,N/A
792,13.12.2016,6B_1261/2016,N/A
793,12.12.2016,9C_363/2016,N/A
794,28.10.2013,1C_120/2013,vertreten durch Rechtsanwalt Gregor Meisser
795,13.02.2015,2F_4/2015,N/A
796,13.12.2016,6B_349/2016,vertreten durch Rechtsanwalt Christoph Thurnherr
797,30.06.2011,6B_331/2011,N/A
798,13.06.2012,5A_741/2011,N/A
799,08.06.2012,2C_732/2011,N/A
800,02.07.2010,2C_319/2010,N/A
801,07.09.2011,2E_1/2011,vertreten durch das Eidgenössische Finanzdepartement
802,20.11.2008,5A_664/2008,N/A
803,10.03.2010,6B_34/2010,vertreten durch Rechtsanwalt Urs Bertschinger
804,15.12.2008,5A_402/2008,N/A
805,22.02.2012,1B_92/2012,N/A
806,05.04.2012,5A_139/2012,N/A
807,21.05.2012,1C_238/2012,N/A
808,24.03.2010,2C_39/2010,N/A
809,04.07.2013,1C_612/2013,N/A
810,22.04.2016,2C_67/2016,N/A
811,19.11.2009,2C_406/2009,vertreten durch Rechtsanwalt Robert P
812,16.03.2010,2C_210/2010,N/A
813,05.04.2016,6B_962/2015,vertreten durch Rechtsanwalt Jan Donghi
814,26.06.2014,8C_200/2014,vertreten durch den Rechtsdienst Integration
815,03.08.2010,6B_612/2010,N/A
816,18.01.2010,2C_407/2009,vertreten durch Fürsprecherin Ursula Eggenberger
817,24.03.2014,8C_201/2014,N/A
818,02.09.2008,6B_648/2008,N/A
819,04.06.2009,2C_334/2009,N/A
820,05.02.2008,9C_712/2007,N/A
821,27.02.2008,9C_574/2007,N/A
822,17.08.2012,8C_357/2012,vertreten durch Rechtsanwalt Adelrich Friedli
823,14.08.2008,2C_578/2008,N/A
824,22.06.2010,6B_346/2010,N/A
825,30.04.2010,9C_296/2010,N/A
826,10.06.2011,4A_114/2011,N/A
827,26.09.2012,4A_490/2012,N/A
828,16.07.2012,1C_157/2012,vertreten durch Rechtsanwalt Roger Lerf
829,16.10.2012,1B_605/2012,N/A
830,02.09.2008,9C_464/2008,vertreten durch Beratungsstelle für Ausländer
831,04.07.2012,2C_957/2011,vertreten durch Rechtsanwältin Inge Mokry
832,09.03.2011,8C_42/2011,vertreten durch Rechtsanwalt Sebastian Lorentz
833,18.02.2013,1B_487/2012,N/A
834,18.03.2010,8C_900/2009,N/A
835,04.05.2010,6B_42/2010,N/A
836,22.10.2008,5A_612/2008,N/A
837,09.03.2011,2C_211/2011,N/A
838,13.05.2009,5A_238/2009,N/A
839,16.07.2009,1C_512/2008,N/A
840,09.09.2008,1B_240/2008,N/A
841,04.02.2008,2C_516/2007,N/A
842,06.04.2009,5A_703/2007,N/A
843,21.11.2007,5A_565/2007,N/A
844,02.02.2016,9C_857/2015,vertreten durch Rechtsanwältin Evalotta Samuelsson
845,12.10.2012,2C_828/2011,vertreten durch Rechtsanwalt Reinhold Nussmüller
846,17.11.2009,5A_491/2009,N/A
847,27.11.2009,5A_801/2009,N/A
848,19.12.2007,4A_331/2007,N/A
849,01.11.2012,1B_77/2012,vertreten durch Rechtsanwalt Pius Buchmann
850,19.04.2013,1C_239/2013,N/A
851,04.06.2007,5A_138/2007,N/A
852,03.09.2007,2D_56/2007,N/A
853,23.05.2014,2C_305/2014,vertreten durch Rechtsanwalt Hans Werner
854,20.01.2016,6B_1333/2015,vertreten durch Rechtsanwalt Marcel Bosonnet
855,05.08.2008,6B_458/2008,vertreten durch Fürsprecher Ulrich Seiler
856,21.05.2013,1C_490/2013,N/A
857,02.07.2007,6B_187/2007,"vertreten durch Rechtsanwalt
Eric Stern"
858,10.12.2008,8C_976/2008,N/A
859,19.06.2008,5A_88/2008,N/A
860,22.02.2010,6B_156/2010,N/A
861,13.12.2016,5A_472/2015,N/A
862,12.12.2016,2C_625/2016,N/A
863,27.09.2012,9C_780/2012,N/A
864,04.04.2012,4D_91/2011,vertreten durch Rechtsanwalt Reto B
865,14.04.2009,9C_1041/2008,N/A
866,13.12.2016,8C_637/2016,N/A
867,23.08.2012,8C_589/2012,N/A
868,29.10.2012,1C_347/2012,vertreten durch Rechtsanwalt Christian Schroff
869,30.04.2008,5A_53/2008,N/A
870,25.02.2008,2A.91/2007,vertreten durch Fürsprecher Marc F
871,26.09.2012,6B_577/2012,N/A
872,23.04.2012,4A_169/2012,N/A
873,06.12.2012,1B_555/2012,vertreten durch Rechtsanwalt Peter Nideröst
874,03.10.2014,5A_763/2014,N/A
875,03.02.2012,8C_912/2011,N/A
876,28.10.2013,6B_902/2013,N/A
877,28.03.2012,2C_288/2012,N/A
878,26.01.2009,4D_10/2009,N/A
879,19.11.2007,2D_103/2007,N/A
880,03.07.2009,8C_443/2009,N/A
881,17.12.2015,4A_414/2015,N/A
882,15.09.2015,9C_587/2015,N/A
883,18.09.2015,6B_1062/2014,N/A
884,30.04.2012,2C_136/2011,vertreten durch Fürsprecherin Sirkka Messerli
885,17.10.2014,5A_62/2014,vertreten durch Rechtsanwalt Adrian Koller
886,06.05.2012,2C_381/2012,N/A
887,14.04.2015,1B_121/2015,N/A
888,27.04.2015,4D_20/2015,N/A
889,24.10.2011,5D_186/2011,N/A
890,30.07.2009,2D_45/2009,N/A
891,28.03.2013,1C_593/2012,N/A
892,01.11.2016,5A_158/2016,vertreten durch Rechtsanwalt Armin Linder
893,16.12.2010,5D_157/2010,vertreten durch das Kantonale Steueramt
894,20.12.2012,2C_1102/2012,N/A
895,28.04.2011,2C_420/2010,N/A
896,26.01.2009,4A_601/2008,vertreten durch Rechtsanwalt Victor Benovici
897,27.08.2012,2T_4/2012,N/A
898,25.01.2012,1C_36/2012,N/A
899,28.04.2014,6B_1176/2013,N/A
900,23.04.2007,5P.10/2007,N/A
901,12.05.2011,8C_1044/2010,vertreten durch Rechtsanwalt Kurt Brunner
902,27.07.2012,8C_567/2012,N/A
903,09.12.2016,5A_445/2016,N/A
904,25.02.2016,2F_4/2016,N/A
905,12.12.2016,4A_641/2016,N/A
906,13.12.2016,2C_613/2016,N/A
907,20.06.2011,6B_651/2010,N/A
908,14.12.2009,5A_651/2009,vertreten durch Rechtsanwältin Ruth Schierbaum
909,15.04.2010,9C_128/2010,N/A
910,09.03.2012,2E_1/2012,N/A
911,13.09.2012,4F_8/2012,N/A
912,22.05.2008,5A_186/2008,N/A
913,28.09.2012,1C_372/2012,N/A
914,21.03.2007,6B_35/2007,N/A
915,16.12.2008,8C_449/2008,"vertreten durch
Berner Rechtsberatungsstelle für"
916,07.04.2015,9C_135/2015,N/A
917,23.02.2010,6B_982/2009,N/A
918,25.06.2009,6B_512/2009,N/A
919,08.08.2008,9C_751/2007,N/A
920,17.05.2010,4D_40/2010,N/A
921,02.03.2007,2C_39/2007,N/A
922,21.03.2007,4C.11/2007,vertreten durch Fürsprecher Bruno C
923,26.05.2008,9C_536/2007,N/A
924,25.10.2011,8C_76/2011,N/A
925,07.08.2008,5A_114/2008,vertreten durch Rechtsanwalt Bernhard Stadelmann
926,17.06.2009,6B_329/2009,N/A
927,28.03.2008,8C_104/2007,N/A
928,24.09.2012,6F_7/2012,vertreten durch Rechtsanwalt Thomas Tschümperlin
929,22.03.2010,9C_451/2009,N/A
930,27.08.2012,6B_43/2012,N/A
931,21.02.2013,1B_34/2013,N/A
932,20.05.2015,1C_253/2015,N/A
933,15.12.2009,1B_290/2009,N/A
934,31.08.2012,2D_15/2012,N/A
935,01.10.2012,2C_957/2012,N/A
936,07.02.2012,1C_330/2011,vertreten durch Rechtsanwalt Gregor Marcolli
937,08.11.2007,2A.113/2007,"vertreten durch Rechtsanwalt
Bruno Meier"
938,20.05.2008,6B_257/2008,N/A
939,07.02.2012,1B_604/2011,vertreten durch Rechtsanwalt Felix Keller
940,18.12.2015,8C_479/2015,N/A
941,09.04.2010,5A_256/2010,N/A
942,11.12.2015,6B_957/2015,vertreten durch Rechtsanwalt Urs Hofer
943,25.03.2010,1C_526/2009,N/A
944,27.11.2012,1C_436/2012,vertreten durch Rechtsanwalt Peter Möri
945,30.03.2010,6B_92/2010,vertreten durch Rechtsanwalt Markus Weber
946,06.01.2009,5A_834/2008,N/A
947,24.03.2007,6B_42/2007,N/A
948,29.11.2011,2C_962/2011,N/A
949,15.08.2008,5A_397/2008,N/A
950,28.07.2008,9C_450/2008,N/A
951,10.08.2007,6F_6/2007,N/A
952,27.12.2012,1B_631/2012,N/A
953,26.11.2011,2C_963/2011,N/A
954,24.07.2009,5A_115/2009,N/A
955,09.07.2007,5A_286/2007,N/A
956,26.02.2008,6B_800/2007,N/A
957,17.11.2016,2C_373/2016,N/A
958,27.05.2008,5A_163/2008,N/A
959,02.12.2014,5A_495/2014,N/A
960,04.09.2013,1B_289/2013,N/A
961,12.06.2014,9C_353/2014,N/A
962,07.10.2011,8C_675/2011,N/A
963,21.12.2015,6B_266/2015,N/A
964,21.01.2008,2C_266/2007,N/A
965,20.04.2010,4A_63/2010,N/A
966,02.03.2016,2C_186/2016,N/A
967,25.03.2008,1C_440/2007,vertreten durch Rechtsanwalt Alexander R
968,26.02.2008,4F_8/2007,N/A
969,12.12.2012,1B_738/2012,N/A
970,19.12.2016,2C_1165/2016,N/A
971,07.07.2007,6B_330/2007,N/A
972,14.12.2016,8C_309/2016,vertreten durch Advokat Jürg Tschopp
973,16.12.2010,9C_992/2010,vertreten durch Beratungsstelle für Ausländer
974,26.10.2012,2D_62/2012,N/A
975,13.12.2016,6B_999/2016,N/A
976,23.12.2011,8C_919/2011,N/A
977,17.02.2011,4A_402/2010,"vertreten durch Rechtsanwälte
Philipp J"
978,12.12.2016,2C_1068/2016,N/A
979,04.05.2011,9C_61/2011,N/A
980,21.10.2010,1F_20/2010,N/A
981,22.12.2011,9C_836/2011,vertreten durch Rechtsanwältin Marta Mozar
982,13.04.2010,4F_3/2010,N/A
983,13.05.2015,8C_302/2015,"vertreten durch
Beratungsstelle für Ausländer"
984,06.03.2015,8C_164/2015,N/A
985,23.07.2007,2C_140/2007,"vertreten durch
Rechtsanwalt Ralph Wiedler"
986,05.07.2011,5A_452/2011,N/A
987,30.10.2012,1B_585/2012,vertreten durch Rechtsanwalt Kenad Melunovic
988,19.03.2008,2C_236/2008,N/A
989,08.01.2013,1B_584/2012,N/A
990,22.09.2010,1B_211/2010,N/A
991,15.03.2010,6B_48/2010,N/A
992,02.02.2016,5A_87/2016,N/A
993,24.02.2014,9C_891/2013,N/A
994,07.02.2012,2C_137/2012,N/A
995,12.05.2009,9F_5/2009,N/A
996,25.10.2011,1C_294/2011,vertreten durch Rechtsanwalt Reto Leiser
997,04.03.2014,2C_206/2014,N/A
998,23.10.2012,2C_462/2012,N/A
999,24.06.2011,2C_529/2011,N/A
1000,20.03.2009,8C_12/2009,N/A
1001,09.04.2010,5A_170/2010,N/A
1002,12.11.2015,5A_57/2015,N/A
1003,30.03.2016,1B_120/2016,N/A
1004,26.02.2008,1C_91/2008,N/A
1005,27.02.2014,6B_692/2013,vertreten durch Rechtsanwalt Thomas Fingerhuth
1006,05.06.2008,2C_380/2008,vertreten durch Rechtsanwalt Bernhard Zollinger
1007,09.10.2013,4A_424/2013,N/A
1008,13.12.2011,2C_1013/2011,N/A
1009,14.01.2016,2C_37/2016,N/A
1010,27.05.2013,1C_634/2012,N/A
1011,16.08.2012,6B_144/2012,N/A
1012,24.03.2015,1B_79/2015,N/A
1013,26.03.2014,2T_1/2014,N/A
1014,23.11.2011,1C_518/2011,N/A
1015,16.12.2011,1C_145/2011,N/A
1016,20.12.2011,9C_913/2011,N/A
1017,03.09.2007,2C_399/2007,N/A
1018,26.10.2011,1C_144/2011,vertreten durch Rechtsanwalt Christoph Storrer
1019,11.02.2013,1B_27/2013,N/A
1020,19.06.2014,4D_39/2014,N/A
1021,20.07.2011,1G_4/2011,N/A
1022,19.10.2011,4A_482/2011,N/A
1023,09.09.2011,9C_418/2011,"vertreten durch
Rechtsanwältin Susanne Schaffner"
1024,29.10.2012,2C_1051/2012,N/A
1025,20.04.2012,1C_194/2012,N/A
1026,22.08.2014,9C_151/2014,N/A
1027,03.04.2008,5A_106/2008,N/A
1028,01.04.2010,2C_679/2009,N/A
1029,02.11.2016,6B_1217/2016,N/A
1030,22.01.2008,6B_741/2007,N/A
1031,13.12.2016,9C_713/2016,vertreten durch Procap für Menschen
1032,28.06.2012,6B_818/2011,N/A
1033,10.02.2016,2C_740/2015,vertreten durch Rechtsanwalt Martin Ingold
1034,04.03.2008,9C_867/2007,N/A
1035,19.12.2016,1C_587/2016,N/A
1036,30.03.2012,6B_819/2011,N/A
1037,15.10.2007,6B_526/2007,N/A
1038,14.12.2016,8C_804/2016,vertreten durch Rechtsanwalt Philip Stolkin
1039,22.11.2007,1C_256/2007,vertreten durch Rechtsanwalt Peder Cathomen
1040,24.04.2015,5D_67/2015,N/A
1041,15.06.2007,1P.115/2007,N/A
1042,30.12.2015,1B_453/2015,N/A
1043,06.01.2009,1B_327/2008,vertreten durch Rechtsanwältin Inge Mokry
1044,03.09.2014,5A_283/2014,N/A
1045,28.03.2008,4A_87/2008,N/A
1046,16.02.2010,6B_138/2010,N/A
1047,17.03.2010,8C_867/2009,N/A
1048,26.05.2008,4D_40/2008,N/A
1049,09.02.2012,8C_129/2012,N/A
1050,12.12.2016,5A_772/2016,N/A
1051,18.11.2011,1F_32/2011,N/A
1052,18.02.2014,5A_800/2013,N/A
1053,10.05.2011,6B_372/2009,vertreten durch Fürsprecher Ulrich Kiener
1054,14.05.2008,9C_246/2008,N/A
1055,21.06.2011,2C_939/2010,N/A
1056,09.07.2012,2C_660/2012,vertreten durch Rechtsanwalt Hans Werner
1057,07.08.2008,6B_397/2008,vertreten durch Rechtsanwalt Serge Flury
1058,12.07.2011,9C_451/2011,N/A
1059,07.02.2012,5D_132/2011,N/A
1060,18.05.2016,9C_64/2016,N/A
1061,12.03.2010,2C_224/2009,vertreten durch Fürsprecher Beat Müller
1062,04.04.2012,1F_7/2012,N/A
1063,25.02.2008,5A_91/2008,N/A
1064,18.01.2010,2C_468/2009,N/A
1065,08.09.2008,9C_591/2008,N/A
1066,06.05.2011,6B_257/2011,vertreten durch Rechtsanwalt Yassin Abu
1067,22.10.2008,8C_798/2008,N/A
1068,27.11.2012,2C_1166/2012,N/A
1069,21.10.2008,1C_330/2008,vertreten durch Rechtsanwalt Matthias Heim
1070,05.08.2008,4A_238/2008,N/A
1071,05.06.2013,1F_6/2013,N/A
1072,27.02.2014,4A_52/2014,vertreten durch Rechtsanwalt Matthias Steiner
1073,17.07.2012,8C_541/2011,N/A
1074,09.04.2008,6B_93/2008,N/A
1075,02.11.2007,6B_550/2007,N/A
1076,23.09.2013,2C_406/2013,N/A
1077,13.08.2010,6B_581/2010,vertreten durch Rechtsanwalt Christoph Anwander
1078,22.01.2008,5A_612/2007,N/A
1079,15.05.2012,9C_79/2012,N/A
1080,02.06.2010,8C_297/2010,N/A
1081,16.09.2012,2C_872/2012,N/A
1082,23.10.2009,8C_811/2009,N/A
1083,28.04.2011,2C_166/2011,N/A
1084,24.07.2008,6B_373/2008,N/A
1085,03.03.2010,8C_810/2009,N/A
1086,29.04.2011,1C_83/2011,N/A
1087,08.03.2011,6B_775/2010,vertreten durch Fürsprech Konrad Luder
1088,12.12.2016,5D_203/2016,vertreten durch die Steuerverwaltung des
1089,13.02.2012,2C_62/2012,N/A
1090,05.03.2009,6B_162/2009,N/A
1091,06.04.2009,1B_76/2009,vertreten durch Rechtsanwalt Théo Chr
1092,12.09.2016,1B_132/2016,N/A
1093,05.12.2011,5A_548/2011,N/A
1094,27.05.2011,2C_392/2011,N/A
1095,02.07.2014,9C_918/2013,N/A
1096,16.10.2009,8C_674/2009,N/A
1097,22.02.2013,1B_19/2013,N/A
1098,14.12.2016,6B_978/2016,vertreten durch Rechtsanwalt Michael Grimmer
1099,13.12.2016,6B_895/2016,N/A
1100,19.12.2016,1B_476/2016,N/A
1101,04.03.2010,1C_121/2009,N/A
1102,17.12.2009,9C_977/2009,N/A
1103,06.02.2008,9C_675/2007,N/A
1104,22.12.2009,8C_918/2009,N/A
1105,20.02.2008,1B_48/2008,N/A
1106,27.05.2013,1C_194/2013,N/A
1107,16.09.2015,2C_812/2015,N/A
1108,20.04.2010,8C_64/2010,N/A
1109,17.10.2013,9C_553/2013,N/A
1110,12.08.2008,6B_482/2007,vertreten durch Fürsprecher Marcus Andreas
1111,06.06.2012,8C_371/2012,N/A
1112,29.05.2015,9C_336/2015,N/A
1113,08.10.2012,1C_170/2012,N/A
1114,23.06.2008,2C_190/2008,N/A
1115,14.09.2010,8C_611/2010,N/A
1116,08.08.2016,8C_212/2016,vertreten durch Rechtsanwalt Viktor Estermann
1117,06.08.2012,1B_444/2012,N/A
1118,20.12.2012,1B_622/2012,vertreten durch Advokat Roman Zeller
1119,22.06.2015,4D_38/2015,N/A
1120,03.02.2012,4D_10/2012,N/A
1121,29.04.2010,5D_45/2010,vertreten durch Rechtsanwalt Paul Schwizer
1122,22.03.2012,9C_217/2012,N/A
1123,08.02.2012,4A_44/2012,N/A
1124,29.11.2011,1B_660/2011,N/A
1125,15.08.2012,1B_182/2012,N/A
1126,27.11.2007,4D_66/2007,N/A
1127,17.12.2012,2D_71/2012,N/A
1128,22.08.2016,1B_287/2016,N/A
1129,05.02.2008,4A_269/2007,N/A
1130,04.03.2015,2C_693/2014,N/A
1131,07.11.2011,1C_467/2011,N/A
1132,29.01.2008,2C_71/2008,N/A
1133,17.05.2013,1B_153/2013,vertreten durch Advokat Patrick Frey
1134,24.03.2010,9C_333/2009,vertreten durch Beratungsstelle für Ausländer
1135,29.04.2011,9C_743/2010,N/A
1136,05.07.2010,9C_525/2010,N/A
1137,02.06.2015,4A_546/2014,vertreten durch Rechtsanwalt Adrian Murer
1138,05.03.2012,1B_81/2012,vertreten durch Rechtsanwalt Linus Jaeggi
1139,25.09.2008,1B_224/2008,N/A
1140,14.08.2008,2C_137/2008,vertreten durch Fürsprecher Christian Zuberbühler
1141,06.02.2007,4P.8/2007,N/A
1142,17.11.2008,5A_322/2008,N/A
1143,12.10.2015,8C_556/2015,N/A
1144,23.11.2009,4A_501/2009,N/A
1145,20.03.2014,2C_268/2014,N/A
1146,19.04.2012,6B_13/2012,vertreten durch Rechtsanwalt Werner Greiner
1147,09.04.2010,8C_1071/2009,"vertreten durch
Rechtsanwalt Marco Unternährer"
1148,07.05.2007,6B_65/2007,N/A
1149,17.08.2011,1B_393/2011,N/A
1150,23.11.2011,2C_944/2011,N/A
1151,06.01.2011,2T_4/2009,N/A
1152,24.06.2010,9C_284/2010,N/A
1153,14.06.2008,6B_168/2008,N/A
1154,02.07.2014,5D_89/2014,N/A
1155,09.03.2011,5A_168/2011,N/A
1156,19.04.2011,2C_757/2010,vertreten durch Rechtsanwalt Andreas Fäh
1157,29.08.2012,1G_5/2012,"vertreten durch Rechtsanwalt
Stefan Keiser"
1158,13.10.2009,2C_140/2009,N/A
1159,12.08.2008,4A_244/2008,N/A
1160,19.02.2008,8C_81/2007,N/A
1161,29.10.2013,5A_592/2013,N/A
1162,15.07.2010,5A_271/2010,N/A
1163,07.01.2009,5A_812/2008,vertreten durch Rechtsanwalt Patrick Stutz
1164,05.03.2014,5A_175/2014,N/A
1165,24.10.2011,6B_483/2011,vertreten durch Rechtsanwalt Thierry Frei
1166,06.05.2015,6B_348/2015,vertreten durch Rechtsanwältin Sarah Schläppi
1167,25.04.2012,1B_203/2012,N/A
1168,13.12.2016,6B_1243/2016,N/A
1169,14.12.2016,4A_139/2016,N/A
1170,22.03.2016,1B_107/2016,N/A
1171,03.03.2010,5A_157/2010,N/A
1172,19.12.2016,5A_958/2016,N/A
1173,02.02.2010,5A_740/2009,vertreten durch Rechtsanwältin Ursula Graf
1174,23.03.2011,2E_1/2009,N/A
1175,13.12.2016,8C_606/2016,vertreten durch Rechtsanwalt Philip Stolkin
1176,26.11.2009,1B_313/2009,N/A
1177,02.04.2008,8C_448/2007,N/A
1178,09.03.2010,6B_215/2010,N/A
1179,11.07.2008,5A_459/2008,N/A
1180,04.10.2013,1C_286/2013,vertreten durch Rechtsanwalt Werner Rechsteiner
1181,03.06.2016,8C_366/2016,N/A
1182,04.06.2007,1C_83/2007,vertreten durch die Schulpflege Wohlen
1183,24.02.2009,1C_396/2008,vertreten durch Rechtsanwältin Barbara Boner
1184,25.02.2008,4A_527/2007,N/A
1185,03.04.2008,9C_824/2007,vertreten durch Rechtsanwalt Martin F
1186,30.06.2015,6B_166/2015,vertreten durch Rechtsanwalt Beat Luginbühl
1187,28.05.2013,1C_215/2013,N/A
1188,28.05.2010,8C_339/2010,vertreten durch Beratungsstelle für Ausländer
1189,03.08.2010,9C_727/2009,N/A
1190,02.03.2007,5P.378/2006,N/A
1191,09.02.2012,2C_1018/2011,N/A
1192,22.06.2009,6B_490/2009,N/A
1193,20.02.2014,9C_824/2013,vertreten durch Rechtsanwältin Elda Bugada
1194,16.07.2010,9C_356/2010,"vertreten durch
Rechtsanwalt Jürg Gasche"
1195,31.10.2007,5A_115/2007,vertreten durch Rechtsanwalt Roger Lippuner
1196,13.11.2013,1C_214/2013,N/A
1197,24.10.2007,8C_272/2007,N/A
1198,23.08.2012,5A_397/2012,N/A
1199,26.07.2012,9C_450/2012,vertreten durch Rechtsanwalt Urs Hochstrasser
1200,05.09.2012,5A_396/2012,vertreten durch Fürsprecher André Seydoux
1201,29.04.2008,1B_102/2008,N/A
1202,11.06.2009,4A_115/2009,vertreten durch Rechtsanwälte Dieter Hofmann
1203,05.08.2008,2C_522/2008,vertreten durch Rechtsanwalt Elmar Perler
1204,20.10.2011,1B_573/2011,N/A
1205,30.11.2015,1B_411/2015,vertreten durch Rechtsanwalt Martin Tobler
1206,24.05.2013,1C_526/2012,N/A
1207,18.12.2012,2C_432/2012,vertreten durch Rechtsanwältin Magda Zihlmann
1208,15.12.2008,9C_273/2008,vertreten durch Rechtsanwalt Patrick Stutz
1209,20.04.2012,9C_603/2011,N/A
1210,05.01.2010,1B_364/2009,N/A
1211,20.05.2016,6B_334/2016,N/A
1212,17.08.2010,4A_329/2010,N/A
1213,07.12.2015,5A_963/2015,N/A
1214,23.05.2008,6B_42/2008,N/A
1215,14.07.2010,5A_474/2010,N/A
1216,08.04.2009,2C_210/2009,N/A
1217,10.02.2012,5A_114/2012,vertreten durch Rechtsanwalt Hermann Just
1218,05.02.2008,5A_6/2008,N/A
1219,24.02.2011,9C_130/2011,vertreten durch Rechtsanwalt Sebastian Lorentz
1220,04.12.2012,1B_721/2012,vertreten durch Rechtsanwalt Beat Rohrer
1221,17.07.2014,6B_166/2014,N/A
1222,30.04.2010,9C_321/2010,N/A
1223,18.02.2010,6B_877/2009,vertreten durch Rechtsanwalt Flurin von
1224,08.11.2012,2C_393/2012,N/A
1225,24.08.2010,1C_329/2010,vertreten durch  Rechtsanwälte Dr
1226,25.08.2011,2C_470/2011,N/A
1227,25.04.2015,2C_967/2014,N/A
1228,19.12.2016,5A_708/2016,N/A
1229,20.03.2008,1B_42/2008,N/A
1230,12.06.2008,6B_330/2008,N/A
1231,03.02.2010,1B_18/2010,N/A
1232,13.12.2016,5A_941/2016,N/A
1233,30.07.2008,4D_75/2008,N/A
1234,14.12.2016,2C_1141/2016,N/A
1235,06.03.2012,9C_867/2011,vertreten durch Advokat Jürg Tschopp
1236,16.10.2009,2D_63/2009,N/A
1237,27.11.2007,5A_651/2007,"vertreten durch Rechtsanwalt
René Flum"
1238,12.12.2016,2C_943/2016,N/A
1239,20.07.2015,1C_152/2015,N/A
1240,21.11.2012,1B_628/2012,N/A
1241,20.03.2015,1F_52/2014,N/A
1242,09.07.2010,9C_552/2010,N/A
1243,13.06.2014,1C_95/2014,N/A
1244,12.02.2007,2A.779/2006,N/A
1245,05.09.2012,1B_494/2012,N/A
1246,25.07.2012,8C_509/2012,vertreten durch Rechtsanwalt Beat Rohrer
1247,14.03.2008,8C_2/2008,N/A
1248,05.09.2012,1B_495/2012,N/A
1249,28.03.2008,4A_69/2008,vertreten durch Rechtsanwalt Beat Hess
1250,13.12.2014,2C_643/2014,N/A
1251,18.03.2016,6B_188/2016,N/A
1252,25.02.2008,5A_619/2007,N/A
1253,10.05.2012,8C_333/2012,N/A
1254,16.09.2010,1B_301/2010,N/A
1255,22.02.2016,5A_137/2016,N/A
1256,16.10.2007,9C_96/2007,N/A
1257,22.09.2009,2C_604/2009,N/A
1258,04.11.2011,2C_439/2011,N/A
1259,14.06.2012,2C_1027/2011,N/A
1260,21.03.2012,1B_152/2012,N/A
1261,05.07.2012,5A_500/2012,N/A
1262,02.02.2009,2C_487/2008,N/A
1263,21.02.2012,1B_64/2012,N/A
1264,30.03.2012,9C_620/2011,N/A
1265,11.10.2012,1C_504/2012,N/A
1266,22.05.2008,5A_159/2008,vertreten durch Rechtsanwalt Hans Stünzi
1267,09.09.2009,2C_500/2009,N/A
1268,20.11.2008,1C_258/2008,vertreten durch Rechtsanwalt Dieter Hofmann
1269,28.06.2012,8C_923/2011,N/A
1270,20.10.2011,4A_439/2010,vertreten durch Rechtsanwalt Olivier Vuillaume
1271,05.02.2014,1B_50/2014,N/A
1272,02.09.2011,1B_286/2011,N/A
1273,06.02.2009,9C_704/2008,N/A
1274,05.03.2013,1C_241/2013,N/A
1275,10.02.2012,9C_729/2011,"vertreten durch die FORTUNA
Rechtsschutz"
1276,23.03.2015,4D_10/2015,vertreten durch Rechtsanwalt Thomas Kempf
1277,29.06.2009,2C_408/2009,vertreten durch Rechtsanwalt Stefan Wehrenberg
1278,20.08.2008,1C_350/2008,N/A
1279,15.01.2010,2C_409/2009,N/A
1280,18.02.2010,1C_95/2010,N/A
1281,16.02.2011,2C_106/2011,N/A
1282,20.05.2008,4D_56/2008,N/A
1283,02.09.2008,8C_16/2008,vertreten durch Advokat Dominik Zehntner
1284,04.06.2008,1B_60/2008,N/A
1285,21.10.2011,1B_527/2011,N/A
1286,09.02.2007,6A.1/2007,N/A
1287,25.09.2008,8C_663/2008,vertreten durch Beratungsstelle für Ausländer
1288,17.07.2015,2C_202/2015,vertreten durch Rechtsanwalt Franz Hollinger
1289,14.12.2015,8C_499/2015,vertreten durch Rechtsagent Edwin Bigger
1290,14.12.2016,5A_955/2016,N/A
1291,09.04.2008,5A_733/2007,N/A
1292,13.12.2016,6B_607/2016,N/A
1293,17.12.2007,1C_432/2007,N/A
1294,04.09.2008,8C_545/2008,vertreten durch Rechtsanwalt Robert Baumann
1295,09.03.2007,1A.280/2006,N/A
1296,20.12.2016,9F_8/2016,vertreten durch Procap für Menschen
1297,04.10.2012,1B_385/2012,N/A
1298,22.07.2008,9C_382/2008,N/A
1299,04.11.2011,1B_601/2011,N/A
1300,14.08.2008,5A_444/2008,vertreten durch Rechtsanwältin Sandra Mäder
1301,12.12.2016,5D_205/2016,N/A
1302,17.02.2012,9C_595/2011,N/A
1303,20.09.2011,1B_466/2011,N/A
1304,03.02.2012,2C_775/2011,vertreten durch Lorenzo Marazzotta und
1305,15.12.2009,9C_1006/2009,N/A
1306,24.06.2009,2C_186/2009,N/A
1307,25.03.2015,8C_780/2014,"vertreten durch
Rechtsanwalt Marc Tomaschett"
1308,05.09.2008,9C_422/2008,N/A
1309,03.09.2012,8C_176/2012,"vertreten durch
Rechtsanwalt Rainer Braun"
1310,27.06.2013,1C_393/2013,N/A
1311,22.06.2015,5A_490/2015,N/A
1312,17.06.2010,6B_433/2010,N/A
1313,25.10.2011,5A_469/2011,N/A
1314,13.05.2014,5A_121/2014,vertreten durch Rechtsanwalt Fred Rueff
1315,04.05.2012,8C_568/2011,N/A
1316,26.01.2009,5A_846/2008,N/A
1317,30.08.2012,2C_737/2012,vertreten durch Frau Martina Buchmann
1318,26.01.2012,1B_47/2012,N/A
1319,14.02.2014,8C_857/2013,vertreten durch Fürsprecher Peter Weibel
1320,25.02.2008,2C_550/2007,N/A
1321,07.05.2010,2C_835/2009,N/A
1322,14.08.2008,8C_532/2008,N/A
1323,15.08.2011,1B_410/2011,N/A
1324,04.09.2008,2C_627/2008,N/A
1325,25.10.2011,2C_257/2011,N/A
1326,14.06.2012,9C_200/2012,N/A
1327,12.05.2011,6B_300/2011,N/A
1328,07.11.2016,6B_1150/2016,N/A
1329,09.12.2008,9C_856/2008,N/A
1330,18.08.2010,9C_235/2010,N/A
1331,01.04.2010,1B_97/2010,N/A
1332,05.05.2008,8C_201/2008,N/A
1333,07.12.2007,6B_661/2007,N/A
1334,17.03.2015,1C_139/2014,N/A
1335,03.04.2009,5A_182/2009,N/A
1336,12.03.2012,8C_192/2012,N/A
1337,20.04.2011,8C_97/2011,N/A
1338,19.06.2009,8C_277/2009,N/A
1339,14.06.2012,1C_301/2012,vertreten durch Advokatin Martina Horni
1340,17.03.2012,2C_215/2012,N/A
1341,14.06.2011,8C_96/2011,N/A
1342,14.02.2008,1D_20/2007,N/A
1343,06.11.2015,5A_680/2015,N/A
1344,20.04.2012,9C_309/2012,N/A
1345,17.09.2013,1C_182/2013,vertreten durch Rechtsanwalt Krishna Müller
1346,08.05.2012,9C_308/2012,N/A
1347,25.03.2010,6B_110/2010,N/A
1348,17.03.2009,5A_110/2009,N/A
1349,20.06.2011,5A_706/2010,N/A
1350,09.07.2008,9C_545/2007,N/A
1351,12.03.2010,1C_523/2009,N/A
1352,05.06.2008,5A_209/2008,N/A
1353,02.12.2008,5D_137/2008,N/A
1354,05.06.2008,5A_208/2008,N/A
1355,12.12.2016,2C_974/2016,vertreten durch Rechtsanwalt Salvatore Bianco
1356,06.04.2010,2C_221/2010,N/A
1357,13.12.2016,6B_491/2016,N/A
1358,20.08.2013,1C_433/2012,N/A
1359,20.12.2016,4A_722/2016,N/A
1360,01.02.2012,1B_30/2012,N/A
1361,14.12.2016,6B_1262/2016,N/A
1362,04.07.2008,8C_248/2008,vertreten durch Rechtsanwältin Renata Hajek
1363,10.03.2011,8C_1037/2010,N/A
1364,22.08.2008,2C_593/2008,N/A
1365,14.06.2007,9C_18/2007,N/A
1366,28.04.2008,1B_84/2008,N/A
1367,04.07.2014,6B_466/2014,N/A
1368,13.07.2016,8C_476/2016,N/A
1369,14.06.2010,5A_762/2009,N/A
1370,29.04.2010,5A_174/2010,N/A
1371,21.01.2013,1B_488/2012,vertreten durch Rechtsanwalt Franz Hollinger
1372,17.08.2010,2C_635/2010,N/A
1373,07.03.2008,6B_17/2008,vertreten durch Advokat Urs Grob
1374,13.12.2011,5A_854/2011,N/A
1375,05.06.2014,6B_1104/2013,N/A
1376,30.04.2007,6A.90/2006,N/A
1377,11.06.2013,1C_237/2013,N/A
1378,15.04.2008,8C_251/2007,N/A
1379,22.05.2008,5A_86/2008,vertreten durch Fürsprecher August Biedermann
1380,11.08.2008,1C_141/2008,N/A
1381,17.10.2012,1B_580/2012,N/A
1382,14.03.2008,4D_21/2008,vertreten durch Rechtsanwalt Ruedi Garbauer
1383,08.06.2012,9C_340/2012,N/A
1384,22.04.2010,9C_868/2009,N/A
1385,16.07.2012,2C_693/2012,N/A
1386,07.05.2009,6B_380/2009,N/A
1387,03.08.2015,5A_207/2015,vertreten durch Rechtsanwalt Rolf W
1388,20.10.2011,6B_274/2011,vertreten durch Rechtsanwalt Urs Vögeli
1389,03.03.2014,1B_80/2014,N/A
1390,08.07.2011,5A_463/2011,vertreten durch Rechtsanwalt Markus Joos
1391,02.05.2008,5A_275/2008,N/A
1392,11.11.2015,1B_334/2015,N/A
1393,17.10.2014,2D_44/2014,N/A
1394,22.04.2010,9C_731/2009,N/A
1395,14.06.2016,1B_182/2016,N/A
1396,10.03.2014,6B_1039/2013,N/A
1397,07.06.2011,9C_473/2010,N/A
1398,11.10.2013,1C_757/2013,N/A
1399,20.11.2007,1C_399/2007,N/A
1400,14.10.2013,6B_878/2013,N/A
1401,17.05.2010,1F_10/2010,N/A
1402,03.04.2007,2C_36/2007,N/A
1403,03.12.2008,5A_720/2008,N/A
1404,11.04.2008,1B_22/2008,N/A
1405,15.12.2008,1C_421/2008,N/A
1406,06.03.2012,1C_6/2012,N/A
1407,31.03.2011,1B_138/2011,N/A
1408,18.04.2012,1C_189/2012,N/A
1409,26.02.2008,5A_739/2007,N/A
1410,13.08.2008,5A_21/2008,N/A
1411,06.09.2012,6B_505/2012,N/A
1412,12.05.2009,5A_202/2009,N/A
1413,08.08.2008,8C_181/2008,vertreten durch Rechtsanwältin Gabriela Mondi
1414,09.05.2011,5A_673/2010,N/A
1415,12.02.2010,4D_153/2009,vertreten durch Rechtsanwalt Daniel Bellwald
1416,01.12.2008,5A_769/2008,N/A
1417,13.12.2016,6B_1278/2016,N/A
1418,24.02.2009,5A_125/2009,N/A
1419,03.03.2011,2C_740/2010,vertreten durch Rechtsanwalt Jürg Federspiel
1420,13.12.2016,4A_370/2016,N/A
1421,26.04.2011,4A_110/2011,vertreten durch Rechtsanwalt Tobias Kunz
1422,16.10.2007,9C_571/2007,N/A
1423,25.09.2008,8C_668/2008,N/A
1424,11.12.2012,2C_513/2012,vertreten durch Rechtsanwalt Bruno Rieder
1425,10.07.2012,4D_33/2012,N/A
1426,24.08.2009,2C_402/2009,N/A
1427,14.05.2007,4C.358/2006,vertreten durch Rechtsanwältin Christine Pappert
1428,05.09.2012,9C_235/2012,N/A
1429,08.07.2013,1C_617/2013,N/A
1430,16.12.2015,6B_1151/2014,N/A
1431,13.12.2012,1B_708/2012,N/A
1432,05.08.2010,9C_532/2010,N/A
1433,20.07.2010,1B_194/2010,N/A
1434,04.11.2008,2C_789/2008,N/A
1435,15.10.2007,1C_343/2007,N/A
1436,30.04.2008,2C_699/2007,N/A
1437,13.08.2008,2C_120/2008,N/A
1438,23.07.2012,9C_80/2012,N/A
1439,20.07.2012,8C_569/2012,N/A
1440,04.04.2016,8C_19/2016,N/A
1441,12.10.2010,2C_551/2010,N/A
1442,18.07.2012,2C_698/2012,vertreten durch Rechtsanwalt Martin Schwaller
1443,10.08.2016,6B_550/2016,vertreten durch Rechtsanwalt Daniel U
1444,22.12.2008,4A_517/2008,vertreten durch Rechtsanwalt Urs Zenhäusern
1445,18.03.2010,2C_788/2009,N/A
1446,30.10.2013,2D_53/2013,N/A
1447,12.03.2012,4A_82/2012,vertreten durch Rechtsanwalt Jürg Gasche
1448,22.03.2010,9C_569/2009,vertreten durch Rechtsanwalt Beat Meyer
1449,16.03.2010,5A_660/2009,N/A
1450,15.04.2008,6B_5/2008,vertreten durch Rechtsanwalt Marcus Wiegand
1451,23.10.2007,2C_580/2007,N/A
1452,15.06.2007,4A_67/2007,vertreten durch Rechtsanwalt Hans Rudolf
1453,07.11.2011,1B_453/2011,N/A
1454,07.04.2014,5A_186/2014,N/A
1455,09.08.2007,6B_376/2007,N/A
1456,23.06.2014,1C_897/2013,N/A
1457,02.12.2011,8C_632/2011,vertreten durch Advokat Alain Joset
1458,18.02.2010,6B_920/2009,N/A
1459,27.05.2013,2C_220/2013,vertreten durch Rechtsanwalt Felix Barmettler
1460,19.10.2011,4A_393/2011,N/A
1461,13.12.2016,8C_927/2015,N/A
1462,06.11.2012,2C_1073/2012,vertreten durch Advokatin Martina Horni
1463,13.12.2016,9F_10/2016,vertreten durch Rechtsanwalt Daniel Altermatt
1464,11.04.2008,2C_270/2008,N/A
1465,08.10.2008,1C_365/2008,N/A
1466,17.02.2015,8C_65/2015,N/A
1467,02.06.2008,8C_302/2008,N/A
1468,09.06.2009,4A_40/2009,vertreten durch Rechtsanwalt Christoph Suter
1469,28.07.2008,4A_191/2008,vertreten durch Rechtsanwalt Alex Beeler
1470,22.03.2012,8C_227/2011,N/A
1471,29.04.2011,9C_249/2011,N/A
1472,01.04.2009,4A_41/2009,vertreten durch Rechtsanwalt Luc Humbel
1473,01.04.2009,1C_188/2007,vertreten durch Rechtsanwalt Martin Pestalozzi
1474,06.02.2015,6B_80/2015,N/A
1475,20.04.2007,5A_9/2007,N/A
1476,10.06.2014,8C_746/2013,vertreten durch Rechtsanwalt Rainer Deecke
1477,29.02.2012,9C_164/2012,N/A
1478,27.02.2009,8C_833/2008,N/A
1479,07.03.2011,1B_78/2011,N/A
1480,12.07.2012,9C_538/2012,N/A
1481,18.06.2012,6B_241/2012,N/A
1482,20.10.2011,1B_581/2011,N/A
1483,12.11.2012,1C_530/2012,N/A
1484,19.04.2007,6G_1/2007,"vertreten durch Rechtsanwalt
Patrick Stutz"
1485,01.03.2007,4C.192/2006,N/A
1486,03.07.2014,8C_12/2014,vertreten durch Rechtsanwalt Philip Stolkin
1487,08.11.2011,2C_865/2011,N/A
1488,23.04.2012,5A_816/2011,vertreten durch Rechtsanwalt Martin Hablützel
1489,13.03.2014,4A_546/2013,vertreten durch Rechtsanwalt Michael B
1490,11.10.2015,2C_907/2015,N/A
1491,22.10.2007,5A_380/2007,vertreten durch Rechtsanwalt Lars Dubach
1492,10.05.2012,4A_58/2012,N/A
1493,14.06.2011,4A_240/2011,N/A
1494,26.03.2009,9C_35/2009,N/A
1495,19.11.2008,5A_498/2008,N/A
1496,05.08.2008,9F_6/2008,N/A
1497,02.08.2007,2D_29/2007,vertreten durch Rechtsanwalt Remo Cavegn
1498,08.04.2015,1B_116/2015,N/A
1499,02.10.2014,6B_779/2014,N/A
1500,28.07.2011,8C_526/2011,N/A
1501,07.08.2015,6B_352/2015,N/A
1502,09.09.2008,9F_7/2008,vertreten durch Rechtsanwalt Rémy Wyssmann
1503,03.09.2014,8C_209/2014,vertreten durch Rechtsanwalt Markus Härdi
1504,03.06.2008,5D_30/2008,N/A
1505,02.09.2008,6B_641/2008,N/A
1506,13.09.2007,5F_8/2007,N/A
1507,26.02.2008,5A_588/2007,N/A
1508,20.06.2008,6B_173/2008,N/A
1509,20.06.2008,1B_150/2008,N/A
1510,29.04.2008,4D_50/2008,N/A
1511,20.06.2011,8C_214/2011,N/A
1512,02.05.2016,6B_382/2016,N/A
1513,03.04.2009,5A_674/2007,N/A
1514,28.07.2008,1B_227/2007,N/A
1515,03.07.2012,1B_251/2012,N/A
1516,05.05.2008,8C_238/2008,vertreten durch Rechtsanwalt Ronald Pedergnana
1517,20.05.2010,5A_362/2010,N/A
1518,02.03.2009,4D_26/2009,N/A
1519,10.02.2009,6B_9/2009,N/A
1520,08.09.2009,1C_320/2009,vertreten durch Rechtsanwalt Franz Hess
1521,23.10.2007,9C_613/2007,vertreten durch Rechtsanwältin Claudia Eugster
1522,15.07.2010,6B_246/2010,vertreten durch Fürsprecher Bruno Nüssli
1523,16.02.2012,2C_143/2012,N/A
1524,15.05.2009,8C_347/2009,N/A
1525,20.10.2008,9C_643/2008,N/A
1526,28.07.2008,2C_390/2008,N/A
1527,16.02.2009,1C_65/2009,N/A
1528,23.04.2009,9C_642/2008,N/A
1529,12.12.2011,2C_587/2011,"vertreten durch
Rechtsanwältin Claudia Steiger"
1530,26.02.2014,6B_1253/2013,N/A
1531,27.05.2008,9C_534/2007,vertreten durch Rechtsanwalt Daniel Vonesch
1532,11.09.2007,5A_34/2007,N/A
1533,07.06.2010,6B_161/2010,vertreten durch Rechtsanwalt Benno Lindegger
1534,22.05.2012,9C_379/2012,N/A
1535,14.12.2016,6B_498/2016,N/A
1536,24.09.2007,2C_281/2007,N/A
1537,03.09.2008,8C_59/2008,vertreten durch Rechtsanwalt Rémy Wyssmann
1538,18.08.2009,2C_375/2009,N/A
1539,16.12.2016,2C_1067/2016,N/A
1540,08.12.2016,6B_199/2016,vertreten durch Rechtsanwalt Marco Bolzern
1541,05.12.2008,4D_129/2008,N/A
1542,26.08.2010,6B_652/2010,N/A
1543,16.01.2009,5D_78/2008,vertreten durch Rechtsanwalt Christoph Suter
1544,16.06.2011,6B_278/2011,vertreten durch Rechtsanwältin Sarah Schläppi
1545,08.12.2016,2C_307/2016,N/A
1546,09.12.2016,2D_51/2016,N/A
1547,20.11.2012,1F_29/2012,vertreten durch Rechtsanwalt Matthias Geiser
1548,29.11.2007,4A_306/2007,N/A
1549,26.03.2012,9C_500/2011,N/A
1550,04.06.2012,1B_311/2012,N/A
1551,12.12.2012,2E_3/2012,vertreten durch die Eidgenössische Finanzverwaltung
1552,03.05.2011,8C_133/2011,vertreten durch Rechtsanwalt Rainer Deecke
1553,05.02.2008,5A_734/2007,N/A
1554,25.03.2011,9C_577/2010,N/A
1555,21.12.2007,2C_747/2007,N/A
1556,30.01.2009,2C_299/2008,vertreten durch Rechtsanwalt Bernhard Jüsi
1557,08.04.2009,9C_106/2009,vertreten durch Advokat Marcel Muff
1558,13.05.2015,5A_151/2015,vertreten durch Advokat Silvan Ulrich
1559,18.07.2011,4D_34/2011,vertreten durch Rechtsanwalt Matthias Tschudi
1560,28.12.2015,8C_762/2015,vertreten durch Rechtsanwalt Patrick Thomann
1561,10.04.2012,2C_984/2011,N/A
1562,27.02.2008,2C_165/2008,N/A
1563,14.04.2008,5A_116/2008,N/A
1564,22.12.2011,9C_898/2011,N/A
1565,10.01.2014,1B_455/2013,N/A
1566,12.06.2012,2C_797/2011,vertreten durch Rechtsanwalt Jürg Federspiel
1567,12.08.2016,8C_203/2016,N/A
1568,05.09.2011,5A_583/2011,N/A
1569,09.10.2014,6B_212/2014,N/A
1570,02.11.2007,4G_2/2007,N/A
1571,01.06.2010,1B_135/2010,N/A
1572,07.03.2007,4C.65/2007,N/A
1573,28.04.2016,5A_302/2016,N/A
1574,29.05.2009,9C_384/2009,N/A
1575,16.12.2015,2C_1117/2015,"vertreten durch Rechtsanwälte
Andreas von"
1576,23.04.2012,5A_889/2011,N/A
1577,30.08.2012,2C_388/2012,N/A
1578,14.05.2007,5A_179/2007,N/A
1579,17.05.2007,6B_155/2007,N/A
1580,23.07.2015,2C_332/2015,N/A
1581,12.08.2016,1B_296/2016,N/A
1582,03.05.2012,4A_161/2012,N/A
1583,18.05.2007,6B_154/2007,N/A
1584,22.10.2012,2D_61/2012,N/A
1585,09.12.2016,6B_771/2016,N/A
1586,09.09.2008,2C_621/2008,vertreten durch Rechtsanwalt Bernhard Zollinger
1587,04.11.2009,1C_178/2009,N/A
1588,07.05.2012,9C_206/2012,vertreten durch Rechtsanwalt Daniel Zbinden
1589,08.12.2016,2C_662/2016,vertreten durch Rechtsanwalt Marc Spescha
1590,08.12.2016,5A_748/2016,N/A
1591,09.05.2011,2C_250/2011,N/A
1592,15.02.2007,1B_2/2007,N/A
1593,16.12.2016,8C_470/2016,N/A
1594,02.11.2016,4A_557/2016,N/A
1595,19.12.2012,2C_1250/2012,N/A
1596,30.08.2012,2C_280/2012,N/A
1597,16.04.2008,8C_316/2007,N/A
1598,14.12.2016,6B_205/2016,N/A
1599,14.10.2016,1F_34/2016,vertreten durch das Departement Bau
1600,17.08.2012,2C_429/2012,N/A
1601,27.04.2010,6B_184/2010,N/A
1602,10.11.2007,6B_666/2007,N/A
1603,30.08.2016,9C_516/2016,N/A
1604,05.09.2012,1F_17/2012,N/A
1605,28.04.2008,9C_800/2007,N/A
1606,25.03.2008,2P.64/2007,N/A
1607,13.02.2008,2C_325/2007,vertreten durch Steuerberatungen AG Roland
1608,16.05.2007,2C_143/2007,N/A
1609,17.09.2015,1C_455/2015,N/A
1610,02.12.2013,4A_338/2013,N/A
1611,09.12.2015,1C_633/2015,N/A
1612,02.05.2013,1F_16/2012,N/A
1613,03.03.2015,8C_21/2015,N/A
1614,13.11.2007,4A_339/2007,N/A
1615,29.11.2012,2C_1177/2012,N/A
1616,22.07.2011,1B_265/2011,N/A
1617,26.12.2008,6B_636/2008,N/A
1618,15.07.2008,6B_450/2008,N/A
1619,13.05.2014,5A_22/2014,N/A
1620,30.07.2010,6B_591/2010,N/A
1621,20.03.2012,4D_98/2011,N/A
1622,14.02.2012,5D_28/2012,N/A
1623,25.06.2009,6B_386/2009,N/A
1624,20.02.2015,4A_645/2014,N/A
1625,25.01.2010,1B_8/2010,vertreten durch Rechtsanwalt Bernhard Rüdy
1626,31.10.2007,5A_603/2007,N/A
1627,30.03.2008,6B_197/2008,N/A
1628,07.04.2014,4A_219/2014,N/A
1629,31.03.2008,2D_142/2007,N/A
1630,16.05.2008,6B_196/2008,N/A
1631,07.04.2008,1B_82/2008,N/A
1632,09.03.2011,6B_129/2011,N/A
1633,18.09.2009,5A_231/2009,N/A
1634,15.01.2010,2D_1/2010,vertreten durch Frau Regula Uebelhart
1635,27.03.2014,6B_942/2013,N/A
1636,28.12.2009,5A_809/2009,N/A
1637,28.02.2008,5A_13/2008,N/A
1638,14.04.2014,8C_57/2014,vertreten durch Fürsprecher Michele Naef
1639,07.07.2014,5A_545/2014,N/A
1640,29.10.2012,2C_135/2012,vertreten durch Rechtsanwalt Oliver Gafner
1641,09.02.2009,9C_95/2008,N/A
1642,30.01.2012,2C_46/2012,N/A
1643,30.12.2010,5A_919/2010,N/A
1644,28.09.2010,1D_7/2010,N/A
1645,19.04.2012,1B_213/2012,N/A
1646,29.07.2009,4A_196/2009,vertreten durch Rechtsanwalt Alexander Frei
1647,12.10.2009,9C_458/2009,N/A
1648,02.12.2014,2C_1087/2014,N/A
1649,09.06.2016,8C_376/2016,N/A
1650,20.03.2012,4A_499/2011,vertreten durch Rechtsanwältin Cordula Spörri
1651,31.01.2014,1B_15/2014,N/A
1652,12.05.2015,9C_252/2015,vertreten durch die Rechtsanwälte Dr
1653,04.12.2007,1C_297/2007,N/A
1654,23.12.2009,4D_154/2009,vertreten durch Fürsprecher Hans Ulrich
1655,22.10.2007,2A.756/2006,N/A
1656,07.09.2011,2C_670/2011,vertreten durch Advokat Marco Albrecht
1657,16.10.2009,8C_397/2009,N/A
1658,12.07.2012,9C_440/2012,vertreten durch Rechtsanwalt Stefan Rolli
1659,06.05.2008,1C_172/2008,N/A
1660,12.01.2012,1B_8/2012,N/A
1661,18.12.2007,9C_834/2007,vertreten durch Fürsprecherin Katerina Baumann
1662,17.12.2015,5A_996/2015,vertreten durch die Zentrale Inkassostelle
1663,24.07.2009,5D_97/2009,N/A
1664,21.12.2015,5A_761/2015,N/A
1665,12.02.2008,2C_645/2007,N/A
1666,03.06.2013,1C_537/2013,N/A
1667,20.06.2008,1B_264/2007,N/A
1668,14.05.2008,9C_397/2007,N/A
1669,24.03.2015,2C_246/2015,N/A
1670,31.03.2016,2C_689/2015,vertreten durch den Regierungsrat des
1671,10.06.2011,2C_325/2011,N/A
1672,10.09.2010,1F_16/2010,N/A
1673,08.07.2016,5D_101/2016,N/A
1674,21.03.2012,1B_90/2012,vertreten durch Rechtsanwalt Till Gontersweiler
1675,15.12.2016,6B_532/2016,vertreten durch Rechtsanwalt Andreas Fäh
1676,14.12.2016,6B_551/2016,N/A
1677,31.03.2008,2C_563/2007,vertreten durch Advokat Silvan Ulrich
1678,08.12.2016,2C_1015/2015,N/A
1679,26.10.2009,9C_880/2009,N/A
1680,09.07.2007,5A_223/2007,N/A
1681,23.02.2007,5P.19/2007,vertreten durch Fürsprecherin Sabine Renker
1682,09.11.2007,6B_652/2007,N/A
1683,08.12.2016,6B_12/2016,vertreten durch Advokatin Susanne Bertschi
1684,17.02.2011,1B_40/2011,N/A
1685,22.07.2008,6B_524/2008,N/A
1686,26.11.2009,5A_718/2009,N/A
1687,30.10.2014,5A_833/2014,N/A
1688,03.09.2014,1B_297/2014,vertreten durch Rechtsanwalt Christian Michel
1689,22.04.2010,9C_812/2009,N/A
1690,08.02.2012,6B_90/2012,vertreten durch Fürsprecher John Wyss
1691,18.09.2008,5A_509/2008,N/A
1692,03.05.2010,6B_345/2010,N/A
1693,07.01.2008,4A_477/2007,N/A
1694,02.12.2008,6B_926/2008,N/A
1695,14.12.2016,8C_945/2015,N/A
1696,16.10.2012,1B_607/2012,N/A
1697,06.02.2007,1P.28/2007,N/A
1698,13.06.2016,9C_258/2016,N/A
1699,30.10.2012,1B_606/2012,vertreten durch Rechtsanwalt Jürgen Imkamp
1700,18.03.2013,1C_333/2012,N/A
1701,10.04.2014,8C_812/2013,vertreten durch Rechtsanwalt Philip Stolkin
1702,28.04.2008,6B_284/2008,N/A
1703,07.08.2008,8C_483/2007,vertreten durch Rechtsanwalt Massimo Aliotta
1704,04.03.2011,5A_858/2010,N/A
1705,28.12.2011,2C_1040/2011,N/A
1706,11.02.2009,5A_19/2009,vertreten durch den Verein Psychex
1707,30.09.2014,6B_514/2014,N/A
1708,18.08.2008,4A_254/2008,N/A
1709,10.09.2013,1C_48/2013,N/A
1710,11.03.2011,4D_131/2010,N/A
1711,05.01.2009,2C_662/2008,N/A
1712,12.10.2010,6B_803/2010,N/A
1713,26.06.2014,6B_358/2014,vertreten durch Rechtsanwalt Juan Carlos
1714,18.06.2015,6B_514/2015,vertreten durch Rechtsanwalt Thomas Rüesch
1715,28.11.2012,2C_358/2012,vertreten durch Rechtsanwalt Denis G
1716,26.06.2013,1B_135/2013,vertreten durch Fürsprecher Rolf P
1717,16.05.2008,2C_17/2008,vertreten durch Rechtsanwalt Markus Bischoff
1718,23.09.2014,5D_142/2014,N/A
1719,22.02.2008,1F_5/2008,N/A
1720,03.04.2014,9C_593/2013,N/A
1721,19.02.2013,1C_155/2013,N/A
1722,30.03.2012,6B_74/2012,N/A
1723,18.06.2007,5A_255/2007,N/A
1724,24.08.2011,1B_367/2011,N/A
1725,05.08.2009,5A_508/2009,N/A
1726,06.05.2008,2C_337/2008,N/A
1727,18.03.2009,5A_719/2008,N/A
1728,30.10.2012,1B_416/2012,N/A
1729,02.04.2008,4A_400/2007,N/A
1730,08.12.2016,6B_1304/2016,N/A
1731,28.10.2013,1C_509/2013,N/A
1732,11.05.2010,4A_184/2010,vertreten durch Rechtsanwalt Alexander Rabian
1733,08.12.2016,1B_228/2016,N/A
1734,24.03.2010,1B_2/2010,N/A
1735,28.10.2014,4F_13/2014,N/A
1736,09.05.2008,6B_89/2008,N/A
1737,22.12.2009,2C_60/2009,N/A
1738,27.07.2011,9C_535/2011,N/A
1739,14.12.2016,9C_569/2016,N/A
1740,08.04.2009,1C_582/2008,N/A
1741,15.12.2016,8C_651/2016,N/A
1742,25.10.2007,2D_55/2007,N/A
1743,13.06.2007,4A_61/2007,N/A
1744,23.08.2010,5A_217/2010,N/A
1745,20.06.2010,2C_265/2010,N/A
1746,16.04.2010,5A_130/2010,N/A
1747,11.02.2009,4D_9/2009,N/A
1748,21.11.2007,5D_123/2007,N/A
1749,26.06.2009,8C_1029/2008,N/A
1750,15.02.2010,6B_799/2009,vertreten durch Rechtsanwalt Matthias Hotz
1751,05.07.2016,8C_432/2016,N/A
1752,02.06.2008,5A_749/2007,N/A
1753,12.10.2012,1B_557/2012,N/A
1754,12.12.2008,9C_550/2008,vertreten durch Rechtsanwalt Patrick F
1755,04.03.2011,5G_1/2011,N/A
1756,07.10.2014,4D_55/2014,N/A
1757,22.08.2008,1C_197/2008,N/A
1758,22.12.2009,2C_838/2009,N/A
1759,22.06.2009,2C_201/2009,N/A
1760,23.04.2015,9C_224/2015,N/A
1761,28.05.2008,5A_204/2008,N/A
1762,06.09.2012,2C_383/2012,N/A
1763,05.11.2013,1B_389/2013,N/A
1764,02.08.2011,2C_606/2011,N/A
1765,24.07.2014,5A_594/2014,N/A
1766,26.10.2010,2C_815/2010,N/A
1767,28.07.2008,9C_843/2007,N/A
1768,25.07.2014,2C_128/2014,N/A
1769,14.03.2014,4A_134/2014,N/A
1770,02.10.2009,4D_81/2009,N/A
1771,27.03.2014,4A_448/2013,N/A
1772,30.05.2013,1C_541/2013,N/A
1773,01.04.2009,4A_46/2009,N/A
1774,04.05.2016,4A_35/2016,N/A
1775,08.09.2008,8C_651/2008,N/A
1776,01.02.2010,2C_309/2009,N/A
1777,14.04.2008,8C_741/2007,vertreten durch Rechtsanwalt Bernhard Zollinger
1778,26.11.2015,5F_9/2015,vertreten durch Rechtsanwalt Jonas Stüssi
1779,07.04.2008,8C_444/2007,N/A
1780,30.03.2010,6B_219/2010,N/A
1781,28.01.2013,1B_20/2013,N/A
1782,04.12.2014,2C_779/2014,"vertreten durch Rechtsanwalt

Prof"
1783,20.02.2008,2C_751/2007,N/A
1784,08.04.2015,4A_128/2015,N/A
1785,23.10.2009,8C_319/2009,N/A
1786,28.12.2010,2C_977/2010,N/A
1787,26.02.2008,9C_36/2007,N/A
1788,29.09.2009,9C_622/2009,N/A
1789,12.03.2008,6B_607/2007,N/A
1790,19.10.2011,9C_679/2011,vertreten durch Rechtsanwalt Walter A
1791,07.12.2015,2C_607/2015,N/A
1792,18.07.2012,5D_92/2012,N/A
1793,11.02.2010,2C_559/2009,vertreten durch Rechtsanwalt Stefan Galligani
1794,04.01.2010,4A_544/2009,N/A
1795,07.06.2012,5D_93/2012,vertreten durch die Steuerverwaltung des
1796,04.01.2010,4A_545/2009,N/A
1797,19.03.2010,1B_62/2010,N/A
1798,29.04.2011,2C_338/2011,N/A
1799,19.03.2010,9C_847/2009,N/A
1800,06.08.2007,2C_297/2007,"vertreten durch
Rechtsanwalt Roger Müller"
1801,09.04.2015,6B_296/2015,N/A
1802,29.04.2014,6B_273/2014,N/A
1803,24.07.2013,2C_658/2013,N/A
1804,17.07.2012,5A_201/2012,vertreten durch Rechtsanwältin Snezana Blickenstorfer
1805,07.04.2008,9C_166/2008,N/A
1806,27.08.2012,6B_325/2012,N/A
1807,02.06.2008,4A_127/2008,N/A
1808,15.12.2016,6B_1380/2016,N/A
1809,06.08.2008,8C_487/2008,vertreten durch Fürsprecher Vinzenz Schnell
1810,08.12.2011,1F_35/2011,N/A
1811,14.12.2016,4A_651/2016,N/A
1812,22.12.2008,8C_486/2008,vertreten durch Advokat David Schweizer
1813,24.06.2011,9C_457/2011,N/A
1814,15.06.2007,1P.430/2006,N/A
1815,14.02.2012,2C_155/2012,N/A
1816,15.02.2010,6B_1097/2009,N/A
1817,15.06.2011,1B_297/2011,N/A
1818,08.12.2016,2C_904/2015,N/A
1819,08.12.2016,2C_538/2016,N/A
1820,03.02.2012,5A_657/2011,N/A
1821,27.02.2008,1C_55/2007,vertreten durch das Justizdepartement des
1822,10.02.2011,4A_212/2010,N/A
1823,02.10.2015,5A_552/2015,N/A
1824,20.10.2015,1B_367/2015,N/A
1825,11.12.2007,5A_662/2007,N/A
1826,05.02.2015,9C_21/2015,vertreten durch das Treuhandbüro B
1827,08.07.2013,2C_610/2013,N/A
1828,30.09.2010,8C_628/2010,N/A
1829,28.02.2008,6B_213/2007,N/A
1830,17.12.2008,8C_884/2008,N/A
1831,27.09.2011,5A_303/2011,N/A
1832,12.08.2008,5A_514/2008,N/A
1833,16.10.2012,1G_8/2012,vertreten durch Fürsprecher Martin Lüscher
1834,16.11.2011,1B_537/2011,"vertreten durch Rechtsanwalt
Marcus Henke"
1835,24.04.2015,1C_185/2015,N/A
1836,27.07.2012,8C_504/2012,N/A
1837,07.11.2012,1B_499/2012,N/A
1838,28.09.2009,6B_302/2009,vertreten durch Rechtsanwalt Thomas Fingerhuth
1839,24.07.2014,8C_107/2014,vertreten durch Rechtsanwalt Jürg Leimbacher
1840,11.03.2011,4D_7/2011,N/A
1841,27.11.2009,5A_773/2009,N/A
1842,27.01.2012,2C_64/2012,N/A
1843,25.08.2008,5A_359/2008,vertreten durch Rechtsanwalt Philipp Schnyder
1844,02.04.2014,5A_261/2014,N/A
1845,04.08.2008,9C_236/2008,N/A
1846,30.05.2007,6B_6/2007,N/A
1847,07.04.2008,8C_786/2007,N/A
1848,28.10.2015,4A_442/2015,N/A
1849,29.05.2015,5A_179/2015,vertreten durch Advokat Thomas Käslin
1850,02.07.2008,9C_505/2008,N/A
1851,18.08.2010,8C_531/2010,N/A
1852,03.08.2016,1C_155/2016,N/A
1853,08.12.2016,6B_1063/2016,N/A
1854,26.11.2012,2C_1160/2012,N/A
1855,11.07.2008,5A_96/2008,vertreten durch Fürsprecher Patrick Lafranchi
1856,08.12.2016,5A_942/2016,N/A
1857,20.10.2011,8C_720/2011,N/A
1858,21.12.2007,6B_731/2007,N/A
1859,05.09.2013,1C_226/2013,N/A
1860,03.09.2014,4A_306/2014,N/A
1861,02.07.2007,4A_148/2007,N/A
1862,29.05.2015,5D_17/2015,N/A
1863,04.05.2015,6B_1252/2014,vertreten durch Advokat Christian Kummerer
1864,28.04.2008,8C_715/2007,vertreten durch Rechtsanwalt Bernhard Zollinger
1865,05.09.2013,2C_13/2013,N/A
1866,13.11.2007,1A.65/2007,N/A
1867,02.08.2012,5A_496/2012,N/A
1868,12.09.2014,1C_395/2014,N/A
1869,28.08.2008,5A_562/2008,N/A
1870,14.12.2016,6B_203/2016,N/A
1871,26.05.2008,4D_30/2008,N/A
1872,15.12.2016,4A_675/2016,N/A
1873,12.12.2011,1B_540/2011,N/A
1874,03.09.2014,1C_394/2014,N/A
1875,05.09.2008,5A_423/2008,N/A
1876,22.10.2013,8C_654/2013,N/A
1877,02.10.2008,5A_422/2008,N/A
1878,16.07.2007,4A_193/2007,N/A
1879,20.12.2010,5A_478/2010,N/A
1880,04.11.2016,5A_824/2016,N/A
1881,21.02.2012,2C_688/2011,N/A
1882,21.01.2010,2C_18/2010,N/A
1883,02.10.2007,5A_533/2007,N/A
1884,13.05.2013,1C_454/2013,vertreten durch Rechtsanwalt Berthold Herrmann
1885,21.01.2010,2C_19/2010,N/A
1886,28.05.2013,1B_56/2013,"vertreten durch
Rechtsanwalt und Notar"
1887,21.01.2010,1C_29/2010,N/A
1888,03.12.2012,2C_658/2012,vertreten durch Rechtsanwalt Emil Robert
1889,18.02.2009,8C_1034/2008,N/A
1890,19.03.2014,5A_228/2014,vertreten durch Advokat Martin Wepfer
1891,25.02.2008,6B_671/2007,"vertreten durch Fürsprecher
Adrian Blättler"
1892,06.11.2012,1C_72/2008,vertreten durch Rechtsanwalt Rémy Wyssmann
1893,23.04.2012,8C_896/2011,vertreten durch Rechtsanwalt Pius Buchmann
1894,26.02.2008,1C_101/2007,vertreten durch die Baudirektion des
1895,20.12.2008,6B_997/2008,N/A
1896,19.08.2016,1F_22/2016,N/A
1897,12.06.2014,5A_480/2014,vertreten durch Rechtsanwalt Patrik Odermatt
1898,13.02.2008,9C_732/2007,N/A
1899,15.04.2008,6B_815/2007,N/A
1900,04.12.2014,5D_185/2014,N/A
1901,02.06.2008,8C_282/2008,N/A
1902,23.02.2009,1F_26/2008,N/A
1903,26.10.2012,1B_625/2012,N/A
1904,22.11.2010,2C_808/2010,N/A
1905,12.12.2011,5A_669/2011,vertreten durch Rechtsanwalt Victor Benovici
1906,02.10.2009,1B_260/2009,N/A
1907,08.09.2010,1C_324/2010,N/A
1908,13.12.2011,6B_779/2011,N/A
1909,23.06.2008,6B_309/2008,N/A
1910,16.02.2010,6B_135/2010,N/A
1911,06.09.2016,2D_29/2016,N/A
1912,14.08.2009,9C_494/2009,N/A
1913,02.04.2012,6B_86/2012,N/A
1914,09.04.2015,9C_8/2015,"vertreten durch
Rechtsanwalt Viktor Györffy"
1915,14.01.2008,4A_3/2008,N/A
1916,29.03.2007,2A.29/2007,vertreten durch den Willensvollstrecker Y
1917,28.06.2016,2C_460/2016,N/A
1918,30.09.2015,6B_781/2015,vertreten durch Rechtsanwalt Marcel Furrer
1919,22.03.2012,6B_101/2012,N/A
1920,09.08.2012,5A_570/2012,N/A
1921,16.08.2012,2C_765/2012,N/A
1922,30.08.2012,6B_814/2011,N/A
1923,06.12.2012,1C_416/2012,N/A
1924,26.10.2011,9C_732/2011,N/A
1925,08.02.2010,9C_89/2009,N/A
1926,06.06.2014,2C_366/2014,N/A
1927,04.07.2013,1C_607/2013,N/A
1928,04.11.2016,2C_862/2016,N/A
1929,10.02.2015,5A_105/2015,N/A
1930,20.01.2009,5D_180/2008,N/A
1931,23.12.2009,5A_862/2009,N/A
1932,29.11.2012,1B_719/2012,N/A
1933,15.02.2010,2C_811/2009,N/A
1934,26.02.2008,5A_78/2008,N/A
1935,22.09.2014,8C_661/2013,N/A
1936,05.05.2008,8C_406/2007,N/A
1937,04.12.2009,5D_165/2009,vertreten durch die Steuerverwaltung des
1938,10.09.2012,6B_192/2012,vertreten durch Rechtsanwalt Claude Fischer
1939,03.03.2011,6B_1023/2010,N/A
1940,12.03.2012,5D_4/2012,N/A
1941,29.06.2012,9C_517/2012,N/A
1942,17.02.2012,9C_91/2012,N/A
1943,20.07.2010,6B_568/2010,N/A
1944,20.11.2009,4A_506/2009,N/A
1945,05.02.2008,5A_234/2007,vertreten durch Rechtsanwalt Peter Fertig
1946,08.08.2008,1C_47/2008,N/A
1947,02.06.2015,5A_451/2015,N/A
1948,01.04.2008,1C_135/2007,N/A
1949,27.06.2016,6B_1258/2015,vertreten durch Rechtsanwalt Stephan A
1950,20.05.2010,6B_280/2010,vertreten durch Rechtsanwalt Patrick Schaerz
1951,14.12.2016,4A_268/2016,N/A
1952,09.03.2016,5A_35/2016,vertreten durch Rechtsanwältin Natalie Dietrich
1953,14.02.2008,5A_113/2007,N/A
1954,20.05.2010,8C_158/2010,N/A
1955,05.05.2015,1B_143/2015,N/A
1956,30.10.2009,9C_547/2009,vertreten durch Advokat Sebastian Laubscher
1957,06.07.2011,2C_12/2011,vertreten durch den Geschäftsführer E
1958,19.07.2012,5A_539/2012,N/A
1959,15.12.2016,6B_470/2016,N/A
1960,20.04.2010,9C_721/2009,N/A
1961,27.05.2010,4A_250/2010,N/A
1962,23.11.2012,2C_1154/2012,N/A
1963,17.04.2008,1C_164/2008,vertreten durch das Amt für
1964,13.07.2011,5A_472/2011,N/A
1965,07.03.2014,1B_90/2014,N/A
1966,16.12.2016,6B_1016/2016,N/A
1967,09.03.2007,5C.6/2007,N/A
1968,03.10.2007,9C_529/2007,N/A
1969,13.11.2007,1C_389/2007,N/A
1970,21.05.2008,1B_105/2008,N/A
1971,16.04.2009,1C_430/2008,N/A
1972,23.07.2008,2C_525/2008,N/A
1973,24.10.2012,2C_841/2012,N/A
1974,26.11.2012,1B_296/2012,vertreten durch Rechtsanwalt Paul Vogel
1975,08.12.2016,1C_354/2016,vertreten durch Rechtsanwalt Patrick Schaerz
1976,08.12.2016,5D_202/2016,vertreten durch die Zentrale Inkassostelle
1977,08.12.2016,2C_505/2015,N/A
1978,30.10.2007,5P.47/2007,vertreten durch Rechtsanwalt Andreas Lätsch
1979,14.09.2012,5A_656/2012,N/A
1980,26.11.2012,1C_198/2012,N/A
1981,05.05.2010,2C_123/2010,N/A
1982,12.10.2016,5A_735/2016,vertreten durch Rechtsanwalt Michael Huber
1983,20.11.2008,4A_302/2008,N/A
1984,05.03.2008,2C_179/2008,vertreten durch Rechtsanwalt Gerold Meier
1985,28.12.2015,9C_710/2015,vertreten durch Rechtsanwalt Claude Wyssmann
1986,10.02.2014,2C_836/2013,vertreten durch Advokat Patrick Frey
1987,20.06.2011,8C_69/2011,"vertreten durch
Rechtsanwalt Rainer Deecke"
1988,17.06.2009,8C_289/2009,N/A
1989,14.08.2008,4A_303/2008,N/A
1990,19.07.2012,8C_202/2012,N/A
1991,05.07.2010,8C_505/2010,"vertreten durch
Rechtsanwältin Monika Meier"
1992,18.03.2013,1C_265/2013,N/A
1993,16.08.2010,2C_492/2010,N/A
1994,20.10.2011,8C_504/2011,vertreten durch Fürsprech Jürg Walker
1995,27.02.2014,4A_17/2014,N/A
1996,14.11.2013,1C_61/2013,N/A
1997,05.02.2014,4A_16/2014,N/A
1998,24.08.2007,5A_298/2007,N/A
1999,23.06.2008,6B_336/2008,N/A
2000,25.05.2010,1B_129/2010,N/A
2001,16.03.2015,6B_1210/2014,N/A
2002,22.08.2007,5A_431/2007,N/A
2003,08.12.2016,6B_230/2016,N/A
2004,08.12.2016,4A_687/2016,N/A
2005,08.12.2016,4A_612/2016,N/A
2006,07.12.2009,4A_539/2009,N/A
2007,15.06.2007,1P.93/2007,N/A
2008,17.10.2008,4A_374/2008,N/A
2009,24.03.2011,1B_68/2011,N/A
2010,11.04.2008,4A_112/2008,N/A
2011,12.03.2012,2C_27/2012,N/A
2012,25.08.2016,1B_310/2016,N/A
2013,18.06.2009,6B_473/2009,N/A
2014,02.06.2008,6B_45/2008,vertreten durch Rechtsanwalt Viktor Müller
2015,16.12.2016,2C_1152/2016,N/A
2016,19.10.2011,8C_596/2011,"vertreten durch
Rechtsanwalt Eric Stern"
2017,10.08.2009,6B_614/2009,N/A
2018,27.04.2010,6B_264/2010,N/A
2019,07.05.2012,4A_49/2012,vertreten durch Rechtsanwalt Mathias Merki
2020,29.10.2007,5A_538/2007,vertreten durch das Verwaltungsgericht des
2021,03.02.2014,6B_1156/2013,N/A
2022,15.12.2016,6B_1009/2016,N/A
2023,14.12.2016,1C_455/2016,N/A
2024,06.07.2016,8C_865/2015,N/A
2025,19.09.2012,1B_541/2012,N/A
2026,19.03.2008,5A_46/2008,vertreten durch Rechtsanwalt Stephan Kamer
2027,22.07.2008,9C_406/2008,N/A
2028,30.04.2010,4A_192/2010,N/A
2029,23.08.2012,9C_75/2012,N/A
2030,27.06.2008,8C_469/2008,N/A
2031,16.12.2013,9C_516/2013,N/A
2032,12.03.2008,6B_118/2008,N/A
2033,24.11.2008,5D_165/2008,vertreten durch das Schweizerische Bundesgericht
2034,23.06.2010,6B_484/2010,N/A
2035,02.09.2010,5D_92/2010,vertreten durch das Steueramt des
2036,26.10.2012,2D_34/2012,vertreten durch Rechtsanwalt Oscar Amstad
2037,10.10.2007,5A_571/2007,N/A
2038,30.09.2013,2C_502/2013,vertreten durch Rechtsanwältin Ofebia Wettstein
2039,11.04.2013,1B_122/2013,vertreten durch Advokat Alain Joset
2040,28.11.2011,1B_443/2011,vertreten durch Rechtsanwältin Bettina Surber
2041,03.12.2010,4A_455/2010,N/A
2042,02.09.2011,5D_149/2011,N/A
2043,20.10.2011,1C_422/2011,N/A
2044,09.05.2011,1B_117/2011,N/A
2045,06.05.2010,5A_308/2010,N/A
2046,28.05.2008,2C_321/2008,N/A
2047,06.03.2014,2C_218/2014,N/A
2048,25.10.2007,1C_325/2007,N/A
2049,12.02.2013,1C_569/2012,N/A
2050,02.10.2014,5D_154/2014,N/A
2051,16.10.2007,5A_242/2007,N/A
